Workbook
Name Compound_Application_NMR_214: 'compound numbers'!$A$129
Name Compound_comp07b_1324_939_cdcl3_45: 'compound numbers'!$A$159

Sheet OL-JOC - DOI details-from-figsh
A1: Index | B1: acscode | C1: #TODO.txt | D1: JavaIndex | E1: multiple | F1: SKIP | G1: status | H1: cmp | I1: spec | J1: struc | M1: // javaLine | N1: non-zip sup file | O1: rejected | P1: dataURL | Q1: SI DOI | R1: SI ext | S1: Article | T1: Aticle Title | U1: pubDOI | V1: acscode | W1: zip file name | X1: dataURL list | Y1: ="--localSource c:/temp/acs2/data --targetDir c:/temp/acs2/$DOI$ --noDownload --readOnly " -> --localSource c:/temp/acs2/data --targetDir c:/temp/acs2/$DOI$ --noDownload --readOnly | Z1: acs2.html | AA1: rejected as zip | AB1: rejected file name
A2: 1 | B2: =V2 -> jo4c02089 | C2: =IF(Y2="","",IF(OR(O2,F2=1,M2=""),"#"&B2 &" "&G2,B2&IF(G2="",""," # " &G2))) -> jo4c02089 | D2: =A2 - SUM(E$2:E2) -> 1 | E2: =IF(B2=B1,"1","0") -> 0 | F2: 0 | H2: 38 | I2: 75 | M2: =IF(OR(O2,D2=""),"","/*"&D2&" " & B2 &" */"""&Q2&""",//"&T2) -> /*1 jo4c02089 */"https://doi.org/10.1021/acs.joc.4c02089.s002",//Ring-Size-Dependent Selectivity of the β‑Hydride Elimination in Heck-Type Arylations of exo-Methylene Cycloketones: Chalcones versus 2‑Benzyl-1-naphthols | N2: =VLOOKUP(W2,AA:AB,2,FALSE) -> #N/A | O2: =NOT(ISNA(VLOOKUP(W2,AA:AA,1,FALSE))) -> FALSE | P2: https://acs.figshare.com/articles/dataset/Ring-Size-Dependent_Selectivity_of_the_Hydride_Elimination_in_Heck-Type_Arylations_of_i_exo_i_-Methylene_Cycloketones_Chalcones_versus_2_Benzyl-1-naphthols/28667362 | Q2: https://doi.org/10.1021/acs.joc.4c02089.s002 | R2: =MID(Q2,LEN(Q2)-2,4) -> 002 | S2: 1 | T2: =VLOOKUP(Q2,original!B:C,2,FALSE) -> Ring-Size-Dependent Selectivity of the β‑Hydride Elimination in Heck-Type Arylations of exo-Methylene Cycloketones: Chalcones versus 2‑Benzyl-1-naphthols | U2: https://doi.org/10.1021/acs.joc.4c02089 | V2: =SUBSTITUTE(SUBSTITUTE(MID(U2,LEN(U2)-8,100),"c.","jo"),"t.","ol") -> jo4c02089 | W2: =B2&"_si_"&R2&".zip" -> jo4c02089_si_002.zip | X2: =IF(U2<>U1,P2,X1&"\t"&P2) -> https://acs.figshare.com/articles/dataset/Ring-Size-Dependent_Selectivity_of_the_Hydride_Elimination_in_Heck-Type_Arylations_of_i_exo_i_-Methylene_Cycloketones_Chalcones_versus_2_Benzyl-1-naphthols/28667362 | Y2: =IF(U2<>U3,$Y$1&" --pubDOI "& U2&" --dataURL """&SUBSTITUTE(U2&X2&"""","https://doi.org/",""),"") -> --localSource c:/temp/acs2/data --targetDir c:/temp/acs2/$DOI$ --noDownload --readOnly --pubDOI https://doi.org/10.1021/acs.joc.4c02089 --dataURL "10.1021/acs.joc.4c02089https://acs.figshare.com/articles/dataset/Ring-Size-Dependent_Selectivity_of_the_Hydride_Elimination_in_Heck-Type_Arylations_of_i_exo_i_-Methylene_Cycloketones_Chalcones_versus_2_Benzyl-1-naphthols/28667362" | Z2: ="<br><a href="""&Q2&""">"&Q2&"</a>" -> <br><a href="https://doi.org/10.1021/acs.joc.4c02089.s002">https://doi.org/10.1021/acs.joc.4c02089.s002</a> | AA2: =IF(AB2="","",MID(AB2,1,LEN(AB2)-4)&".zip") -> jo5c01560_si_002.zip | AB2: jo5c01560_si_002.xyz
A3: 2 | B3: =V3 -> jo4c02094 | C3: =IF(Y3="","",IF(OR(O3,F3=1,M3=""),"#"&B3 &" "&G3,B3&IF(G3="",""," # " &G3))) | D3: =IF(F3=1,"",IF(AND(D2="",S2=S3),"",S3-SUM(F$2:F2))) -> 2 | E3: =IF(B3=B2,"1","0") -> 0 | F3: 0 | G3: fails [F-NMR, 3w, 10, pdata] F-NMR | M3: =IF(OR(O3,D3=""),"","/*"&D3&" " & B3 &" */"""&Q3&""",//"&T3) -> /*2 jo4c02094 */"https://doi.org/10.1021/acs.joc.4c02094.s002",//Meta-, Regioselective Amination of Cyclic Diaryliodoniums through C–I and C–O Bond Cleavages: An Access to Functionalized Coumarins | N3: =VLOOKUP(W3,AA:AB,2,FALSE) -> #N/A | O3: =NOT(ISNA(VLOOKUP(W3,AA:AA,1,FALSE))) -> FALSE | P3: https://acs.figshare.com/articles/dataset/_i_Meta_i_-_Regioselective_Amination_of_Cyclic_Diaryliodoniums_through_C_I_and_C_O_Bond_Cleavages_An_Access_to_Functionalized_Coumarins/28503207 | Q3: https://doi.org/10.1021/acs.joc.4c02094.s002 | R3: =MID(Q3,LEN(Q3)-2,4) -> 002 | S3: =IF(U3=U2,S2,S2+1) -> 2 | T3: =VLOOKUP(Q3,original!B:C,2,FALSE) -> Meta-, Regioselective Amination of Cyclic Diaryliodoniums through C–I and C–O Bond Cleavages: An Access to Functionalized Coumarins | U3: https://doi.org/10.1021/acs.joc.4c02094 | V3: =SUBSTITUTE(SUBSTITUTE(MID(U3,LEN(U3)-8,100),"c.","jo"),"t.","ol") -> jo4c02094 | W3: =B3&"_si_"&R3&".zip" -> jo4c02094_si_002.zip | X3: =IF(U3<>U2,P3,X2&"\t"&P3) -> https://acs.figshare.com/articles/dataset/_i_Meta_i_-_Regioselective_Amination_of_Cyclic_Diaryliodoniums_through_C_I_and_C_O_Bond_Cleavages_An_Access_to_Functionalized_Coumarins/28503207 | Y3: =IF(U3<>U4,$Y$1&" --pubDOI "& U3&" --dataDOI """&SUBSTITUTE(U3&X3&"""","https://doi.org/",""),"") | Z3: ="<br><a href="""&Q3&""">"&Q3&"</a>" -> <br><a href="https://doi.org/10.1021/acs.joc.4c02094.s002">https://doi.org/10.1021/acs.joc.4c02094.s002</a> | AA3: =IF(AB3="","",MID(AB3,1,LEN(AB3)-4)&".zip") -> jo4c02574_si_002.zip | AB3: jo4c02574_si_002.xls
A4: 3 | B4: =V4 -> jo4c02094 | C4: =IF(Y4="","",IF(OR(O4,F4=1,M4=""),"#"&B4 &" "&G4,B4&IF(G4="",""," # " &G4))) | D4: =IF(F4=1,"",IF(AND(D3="",S3=S4),"",S4-SUM(F$2:F3))) -> 2 | E4: =IF(B4=B3,"1","0") -> 1 | F4: 0 | G4: fails [F-NMR, 3w, 10, pdata] F-NMR | M4: =IF(OR(O4,D4=""),"","/*"&D4&" " & B4 &" */"""&Q4&""",//"&T4) -> /*2 jo4c02094 */"https://doi.org/10.1021/acs.joc.4c02094.s003",//Meta-, Regioselective Amination of Cyclic Diaryliodoniums through C–I and C–O Bond Cleavages: An Access to Functionalized Coumarins | N4: =VLOOKUP(W4,AA:AB,2,FALSE) -> #N/A | O4: =NOT(ISNA(VLOOKUP(W4,AA:AA,1,FALSE))) -> FALSE | P4: https://acs.figshare.com/articles/dataset/_i_Meta_i_-_Regioselective_Amination_of_Cyclic_Diaryliodoniums_through_C_I_and_C_O_Bond_Cleavages_An_Access_to_Functionalized_Coumarins/28503210 | Q4: https://doi.org/10.1021/acs.joc.4c02094.s003 | R4: =MID(Q4,LEN(Q4)-2,4) -> 003 | S4: =IF(U4=U3,S3,S3+1) -> 2 | T4: =VLOOKUP(Q4,original!B:C,2,FALSE) -> Meta-, Regioselective Amination of Cyclic Diaryliodoniums through C–I and C–O Bond Cleavages: An Access to Functionalized Coumarins | U4: https://doi.org/10.1021/acs.joc.4c02094 | V4: =SUBSTITUTE(SUBSTITUTE(MID(U4,LEN(U4)-8,100),"c.","jo"),"t.","ol") -> jo4c02094 | W4: =B4&"_si_"&R4&".zip" -> jo4c02094_si_003.zip | X4: =IF(U4<>U3,P4,X3&"\t"&P4) -> https://acs.figshare.com/articles/dataset/_i_Meta_i_-_Regioselective_Amination_of_Cyclic_Diaryliodoniums_through_C_I_and_C_O_Bond_Cleavages_An_Access_to_Functionalized_Coumarins/28503207\thttps://acs.figshare.com/articles/dataset/_i_Meta_i_-_Regioselective_Amination_of_Cyclic_Diaryliodoniums_through_C_I_and_C_O_Bond_Cleavages_An_Access_to_Functionalized_Coumarins/28503210 | Y4: =IF(U4<>U5,$Y$1&" --pubDOI "& U4&" --dataDOI """&SUBSTITUTE(U4&X4&"""","https://doi.org/",""),"") | Z4: ="<br><a href="""&Q4&""">"&Q4&"</a>" -> <br><a href="https://doi.org/10.1021/acs.joc.4c02094.s003">https://doi.org/10.1021/acs.joc.4c02094.s003</a> | AA4: =IF(AB4="","",MID(AB4,1,LEN(AB4)-4)&".zip") -> jo4c02676_si_001.zip | AB4: jo4c02676_si_001.xls
A5: 4 | B5: =V5 -> jo4c02094 | C5: =IF(Y5="","",IF(OR(O5,F5=1,M5=""),"#"&B5 &" "&G5,B5&IF(G5="",""," # " &G5))) -> jo4c02094 # fails [F-NMR, 3w, 10, pdata] F-NMR | D5: =IF(F5=1,"",IF(AND(D4="",S4=S5),"",S5-SUM(F$2:F4))) -> 2 | E5: =IF(B5=B4,"1","0") -> 1 | F5: 0 | G5: fails [F-NMR, 3w, 10, pdata] F-NMR | H5: 90 | I5: 143 | M5: =IF(OR(O5,D5=""),"","/*"&D5&" " & B5 &" */"""&Q5&""",//"&T5) -> /*2 jo4c02094 */"https://doi.org/10.1021/acs.joc.4c02094.s004",//<i>Meta</i>-, Regioselective Amination of Cyclic Diaryliodoniums through C–I and C–O Bond Cleavages: An Access to Functionalized Coumarins | N5: =VLOOKUP(W5,AA:AB,2,FALSE) -> #N/A | O5: =NOT(ISNA(VLOOKUP(W5,AA:AA,1,FALSE))) -> FALSE | P5: https://acs.figshare.com/articles/dataset/_i_Meta_i_-_Regioselective_Amination_of_Cyclic_Diaryliodoniums_through_C_I_and_C_O_Bond_Cleavages_An_Access_to_Functionalized_Coumarins/28503213 | Q5: https://doi.org/10.1021/acs.joc.4c02094.s004 | R5: =MID(Q5,LEN(Q5)-2,4) -> 004 | S5: =IF(U5=U4,S4,S4+1) -> 2 | T5: =VLOOKUP(Q5,original!B:C,2,FALSE) -> <i>Meta</i>-, Regioselective Amination of Cyclic Diaryliodoniums through C–I and C–O Bond Cleavages: An Access to Functionalized Coumarins | U5: https://doi.org/10.1021/acs.joc.4c02094 | V5: =SUBSTITUTE(SUBSTITUTE(MID(U5,LEN(U5)-8,100),"c.","jo"),"t.","ol") -> jo4c02094 | W5: =B5&"_si_"&R5&".zip" -> jo4c02094_si_004.zip | X5: =IF(U5<>U4,P5,X4&"\t"&P5) -> https://acs.figshare.com/articles/dataset/_i_Meta_i_-_Regioselective_Amination_of_Cyclic_Diaryliodoniums_through_C_I_and_C_O_Bond_Cleavages_An_Access_to_Functionalized_Coumarins/28503207\thttps://acs.figshare.com/articles/dataset/_i_Meta_i_-_Regioselective_Amination_of_Cyclic_Diaryliodoniums_through_C_I_and_C_O_Bond_Cleavages_An_Access_to_Functionalized_Coumarins/28503210\thttps://acs.figshare.com/articles/dataset/_i_Meta_i_-_Regioselective_Amination_of_Cyclic_Diaryliodoniums_through_C_I_and_C_O_Bond_Cleavages_An_Access_to_Functionalized_Coumarins/28503213 | Y5: =IF(U5<>U6,$Y$1&" --pubDOI "& U5&" --dataDOI """&SUBSTITUTE(U5&X5&"""","https://doi.org/",""),"") -> --localSource c:/temp/acs2/data --targetDir c:/temp/acs2/$DOI$ --noDownload --readOnly --pubDOI https://doi.org/10.1021/acs.joc.4c02094 --dataDOI "10.1021/acs.joc.4c02094https://acs.figshare.com/articles/dataset/_i_Meta_i_-_Regioselective_Amination_of_Cyclic_Diaryliodoniums_through_C_I_and_C_O_Bond_Cleavages_An_Access_to_Functionalized_Coumarins/28503207\thttps://acs.figshare.com/articles/dataset/_i_Meta_i_-_Regioselective_Amination_of_Cyclic_Diaryliodoniums_through_C_I_and_C_O_Bond_Cleavages_An_Access_to_Functionalized_Coumarins/28503210\thttps://acs.figshare.com/articles/dataset/_i_Meta_i_-_Regioselective_Amination_of_Cyclic_Diaryliodoniums_through_C_I_and_C_O_Bond_Cleavages_An_Access_to_Functionalized_Coumarins/28503213" | Z5: ="<br><a href="""&Q5&""">"&Q5&"</a>" -> <br><a href="https://doi.org/10.1021/acs.joc.4c02094.s004">https://doi.org/10.1021/acs.joc.4c02094.s004</a> | AA5: =IF(AB5="","",MID(AB5,1,LEN(AB5)-4)&".zip") -> jo5c00172_si_002.zip | AB5: jo5c00172_si_002.xyz
A6: 5 | B6: =V6 -> jo4c02335 | C6: =IF(Y6="","",IF(OR(O6,F6=1,M6=""),"#"&B6 &" "&G6,B6&IF(G6="",""," # " &G6))) -> jo4c02335 | D6: =IF(F6=1,"",IF(AND(D5="",S5=S6),"",S6-SUM(F$2:F5))) -> 3 | E6: =IF(B6=B5,"1","0") -> 0 | F6: 0 | H6: 72 | I6: 73 | M6: =IF(OR(O6,D6=""),"","/*"&D6&" " & B6 &" */"""&Q6&""",//"&T6) -> /*3 jo4c02335 */"https://doi.org/10.1021/acs.joc.4c02335.s002",//TEMPO-Mediated Direct C(sp2)–H Alkoxylation/Aryloxylation of 1,4-Quinones | N6: =VLOOKUP(W6,AA:AB,2,FALSE) -> #N/A | O6: =NOT(ISNA(VLOOKUP(W6,AA:AA,1,FALSE))) -> FALSE | P6: https://acs.figshare.com/articles/dataset/TEMPO-Mediated_Direct_C_sp_sup_2_sup_H_Alkoxylation_Aryloxylation_of_1_4-Quinones/28137633 | Q6: https://doi.org/10.1021/acs.joc.4c02335.s002 | R6: =MID(Q6,LEN(Q6)-2,4) -> 002 | S6: =IF(U6=U5,S5,S5+1) -> 3 | T6: =VLOOKUP(Q6,original!B:C,2,FALSE) -> TEMPO-Mediated Direct C(sp2)–H Alkoxylation/Aryloxylation of 1,4-Quinones | U6: https://doi.org/10.1021/acs.joc.4c02335 | V6: =SUBSTITUTE(SUBSTITUTE(MID(U6,LEN(U6)-8,100),"c.","jo"),"t.","ol") -> jo4c02335 | W6: =B6&"_si_"&R6&".zip" -> jo4c02335_si_002.zip | X6: =IF(U6<>U5,P6,X5&"\t"&P6) -> https://acs.figshare.com/articles/dataset/TEMPO-Mediated_Direct_C_sp_sup_2_sup_H_Alkoxylation_Aryloxylation_of_1_4-Quinones/28137633 | Y6: =IF(U6<>U7,$Y$1&" --pubDOI "& U6&" --dataDOI """&SUBSTITUTE(U6&X6&"""","https://doi.org/",""),"") -> --localSource c:/temp/acs2/data --targetDir c:/temp/acs2/$DOI$ --noDownload --readOnly --pubDOI https://doi.org/10.1021/acs.joc.4c02335 --dataDOI "10.1021/acs.joc.4c02335https://acs.figshare.com/articles/dataset/TEMPO-Mediated_Direct_C_sp_sup_2_sup_H_Alkoxylation_Aryloxylation_of_1_4-Quinones/28137633" | Z6: ="<br><a href="""&Q6&""">"&Q6&"</a>" -> <br><a href="https://doi.org/10.1021/acs.joc.4c02335.s002">https://doi.org/10.1021/acs.joc.4c02335.s002</a> | AA6: =IF(AB6="","",MID(AB6,1,LEN(AB6)-4)&".zip") -> jo5c00225_si_002.zip | AB6: jo5c00225_si_002.xyz
A7: 6 | B7: =V7 -> jo4c02429 | C7: =IF(Y7="","",IF(OR(O7,F7=1,M7=""),"#"&B7 &" "&G7,B7&IF(G7="",""," # " &G7))) -> jo4c02429 | D7: =IF(F7=1,"",IF(AND(D6="",S6=S7),"",S7-SUM(F$2:F6))) -> 4 | E7: =IF(B7=B6,"1","0") -> 0 | F7: 0 | H7: 1 | I7: 70 | J7: 1 | M7: =IF(OR(O7,D7=""),"","/*"&D7&" " & B7 &" */"""&Q7&""",//"&T7) -> /*4 jo4c02429 */"https://doi.org/10.1021/acs.joc.4c02429.s002",//Electrochemical Cyclization–Desulfurization Approach for the Synthesis of 1,3-Benzoxazines Using Cascade C–O and C–N Bond Formation | N7: =VLOOKUP(W7,AA:AB,2,FALSE) -> #N/A | O7: =NOT(ISNA(VLOOKUP(W7,AA:AA,1,FALSE))) -> FALSE | P7: https://acs.figshare.com/articles/dataset/Electrochemical_Cyclization_Desulfurization_Approach_for_the_Synthesis_of_1_3-Benzoxazines_Using_Cascade_C_O_and_C_N_Bond_Formation/28308688 | Q7: https://doi.org/10.1021/acs.joc.4c02429.s002 | R7: =MID(Q7,LEN(Q7)-2,4) -> 002 | S7: =IF(U7=U6,S6,S6+1) -> 4 | T7: =VLOOKUP(Q7,original!B:C,2,FALSE) -> Electrochemical Cyclization–Desulfurization Approach for the Synthesis of 1,3-Benzoxazines Using Cascade C–O and C–N Bond Formation | U7: https://doi.org/10.1021/acs.joc.4c02429 | V7: =SUBSTITUTE(SUBSTITUTE(MID(U7,LEN(U7)-8,100),"c.","jo"),"t.","ol") -> jo4c02429 | W7: =B7&"_si_"&R7&".zip" -> jo4c02429_si_002.zip | X7: =IF(U7<>U6,P7,X6&"\t"&P7) -> https://acs.figshare.com/articles/dataset/Electrochemical_Cyclization_Desulfurization_Approach_for_the_Synthesis_of_1_3-Benzoxazines_Using_Cascade_C_O_and_C_N_Bond_Formation/28308688 | Y7: =IF(U7<>U8,$Y$1&" --pubDOI "& U7&" --dataDOI """&SUBSTITUTE(U7&X7&"""","https://doi.org/",""),"") -> --localSource c:/temp/acs2/data --targetDir c:/temp/acs2/$DOI$ --noDownload --readOnly --pubDOI https://doi.org/10.1021/acs.joc.4c02429 --dataDOI "10.1021/acs.joc.4c02429https://acs.figshare.com/articles/dataset/Electrochemical_Cyclization_Desulfurization_Approach_for_the_Synthesis_of_1_3-Benzoxazines_Using_Cascade_C_O_and_C_N_Bond_Formation/28308688" | Z7: ="<br><a href="""&Q7&""">"&Q7&"</a>" -> <br><a href="https://doi.org/10.1021/acs.joc.4c02429.s002">https://doi.org/10.1021/acs.joc.4c02429.s002</a> | AA7: =IF(AB7="","",MID(AB7,1,LEN(AB7)-4)&".zip") -> jo5c00410_si_002.zip | AB7: jo5c00410_si_002.xyz
A8: 7 | B8: =V8 -> jo4c02450 | C8: =IF(Y8="","",IF(OR(O8,F8=1,M8=""),"#"&B8 &" "&G8,B8&IF(G8="",""," # " &G8))) | D8: =IF(F8=1,"",IF(AND(D7="",S7=S8),"",S8-SUM(F$2:F7))) -> 5 | E8: =IF(B8=B7,"1","0") -> 0 | F8: 0 | M8: =IF(OR(O8,D8=""),"","/*"&D8&" " & B8 &" */"""&Q8&""",//"&T8) -> /*5 jo4c02450 */"https://doi.org/10.1021/acs.joc.4c02450.s002",//Four Alkaloids from Alstonia scholaris with Antitumor Activity via Disturbing Glutathione Homeostasis | N8: =VLOOKUP(W8,AA:AB,2,FALSE) -> #N/A | O8: =NOT(ISNA(VLOOKUP(W8,AA:AA,1,FALSE))) -> FALSE | P8: https://acs.figshare.com/articles/dataset/Four_Alkaloids_from_i_Alstonia_scholaris_i_with_Antitumor_Activity_via_Disturbing_Glutathione_Homeostasis/28181963 | Q8: https://doi.org/10.1021/acs.joc.4c02450.s002 | R8: =MID(Q8,LEN(Q8)-2,4) -> 002 | S8: =IF(U8=U7,S7,S7+1) -> 5 | T8: =VLOOKUP(Q8,original!B:C,2,FALSE) -> Four Alkaloids from Alstonia scholaris with Antitumor Activity via Disturbing Glutathione Homeostasis | U8: https://doi.org/10.1021/acs.joc.4c02450 | V8: =SUBSTITUTE(SUBSTITUTE(MID(U8,LEN(U8)-8,100),"c.","jo"),"t.","ol") -> jo4c02450 | W8: =B8&"_si_"&R8&".zip" -> jo4c02450_si_002.zip | X8: =IF(U8<>U7,P8,X7&"\t"&P8) -> https://acs.figshare.com/articles/dataset/Four_Alkaloids_from_i_Alstonia_scholaris_i_with_Antitumor_Activity_via_Disturbing_Glutathione_Homeostasis/28181963 | Y8: =IF(U8<>U9,$Y$1&" --pubDOI "& U8&" --dataDOI """&SUBSTITUTE(U8&X8&"""","https://doi.org/",""),"") | Z8: ="<br><a href="""&Q8&""">"&Q8&"</a>" -> <br><a href="https://doi.org/10.1021/acs.joc.4c02450.s002">https://doi.org/10.1021/acs.joc.4c02450.s002</a> | AA8: =IF(AB8="","",MID(AB8,1,LEN(AB8)-4)&".zip") -> jo5c00670_si_001.zip | AB8: jo5c00670_si_001.xyz
A9: 8 | B9: =V9 -> jo4c02450 | C9: =IF(Y9="","",IF(OR(O9,F9=1,M9=""),"#"&B9 &" "&G9,B9&IF(G9="",""," # " &G9))) | D9: =IF(F9=1,"",IF(AND(D8="",S8=S9),"",S9-SUM(F$2:F8))) -> 5 | E9: =IF(B9=B8,"1","0") -> 1 | F9: 0 | M9: =IF(OR(O9,D9=""),"","/*"&D9&" " & B9 &" */"""&Q9&""",//"&T9) -> /*5 jo4c02450 */"https://doi.org/10.1021/acs.joc.4c02450.s003",//Four Alkaloids from Alstonia scholaris with Antitumor Activity via Disturbing Glutathione Homeostasis | N9: =VLOOKUP(W9,AA:AB,2,FALSE) -> #N/A | O9: =NOT(ISNA(VLOOKUP(W9,AA:AA,1,FALSE))) -> FALSE | P9: https://acs.figshare.com/articles/dataset/Four_Alkaloids_from_i_Alstonia_scholaris_i_with_Antitumor_Activity_via_Disturbing_Glutathione_Homeostasis/28181966 | Q9: https://doi.org/10.1021/acs.joc.4c02450.s003 | R9: =MID(Q9,LEN(Q9)-2,4) -> 003 | S9: =IF(U9=U8,S8,S8+1) -> 5 | T9: =VLOOKUP(Q9,original!B:C,2,FALSE) -> Four Alkaloids from Alstonia scholaris with Antitumor Activity via Disturbing Glutathione Homeostasis | U9: https://doi.org/10.1021/acs.joc.4c02450 | V9: =SUBSTITUTE(SUBSTITUTE(MID(U9,LEN(U9)-8,100),"c.","jo"),"t.","ol") -> jo4c02450 | W9: =B9&"_si_"&R9&".zip" -> jo4c02450_si_003.zip | X9: =IF(U9<>U8,P9,X8&"\t"&P9) -> https://acs.figshare.com/articles/dataset/Four_Alkaloids_from_i_Alstonia_scholaris_i_with_Antitumor_Activity_via_Disturbing_Glutathione_Homeostasis/28181963\thttps://acs.figshare.com/articles/dataset/Four_Alkaloids_from_i_Alstonia_scholaris_i_with_Antitumor_Activity_via_Disturbing_Glutathione_Homeostasis/28181966 | Y9: =IF(U9<>U10,$Y$1&" --pubDOI "& U9&" --dataDOI """&SUBSTITUTE(U9&X9&"""","https://doi.org/",""),"") | Z9: ="<br><a href="""&Q9&""">"&Q9&"</a>" -> <br><a href="https://doi.org/10.1021/acs.joc.4c02450.s003">https://doi.org/10.1021/acs.joc.4c02450.s003</a> | AA9: =IF(AB9="","",MID(AB9,1,LEN(AB9)-4)&".zip") -> jo5c00726_si_001.zip | AB9: jo5c00726_si_001.xyz
A10: 9 | B10: =V10 -> jo4c02450 | C10: =IF(Y10="","",IF(OR(O10,F10=1,M10=""),"#"&B10 &" "&G10,B10&IF(G10="",""," # " &G10))) | D10: =IF(F10=1,"",IF(AND(D9="",S9=S10),"",S10-SUM(F$2:F9))) -> 5 | E10: =IF(B10=B9,"1","0") -> 1 | F10: 0 | M10: =IF(OR(O10,D10=""),"","/*"&D10&" " & B10 &" */"""&Q10&""",//"&T10) -> /*5 jo4c02450 */"https://doi.org/10.1021/acs.joc.4c02450.s004",//Four Alkaloids from Alstonia scholaris with Antitumor Activity via Disturbing Glutathione Homeostasis | N10: =VLOOKUP(W10,AA:AB,2,FALSE) -> #N/A | O10: =NOT(ISNA(VLOOKUP(W10,AA:AA,1,FALSE))) -> FALSE | P10: https://acs.figshare.com/articles/dataset/Four_Alkaloids_from_i_Alstonia_scholaris_i_with_Antitumor_Activity_via_Disturbing_Glutathione_Homeostasis/28181969 | Q10: https://doi.org/10.1021/acs.joc.4c02450.s004 | R10: =MID(Q10,LEN(Q10)-2,4) -> 004 | S10: =IF(U10=U9,S9,S9+1) -> 5 | T10: =VLOOKUP(Q10,original!B:C,2,FALSE) -> Four Alkaloids from Alstonia scholaris with Antitumor Activity via Disturbing Glutathione Homeostasis | U10: https://doi.org/10.1021/acs.joc.4c02450 | V10: =SUBSTITUTE(SUBSTITUTE(MID(U10,LEN(U10)-8,100),"c.","jo"),"t.","ol") -> jo4c02450 | W10: =B10&"_si_"&R10&".zip" -> jo4c02450_si_004.zip | X10: =IF(U10<>U9,P10,X9&"\t"&P10) -> https://acs.figshare.com/articles/dataset/Four_Alkaloids_from_i_Alstonia_scholaris_i_with_Antitumor_Activity_via_Disturbing_Glutathione_Homeostasis/28181963\thttps://acs.figshare.com/articles/dataset/Four_Alkaloids_from_i_Alstonia_scholaris_i_with_Antitumor_Activity_via_Disturbing_Glutathione_Homeostasis/28181966\thttps://acs.figshare.com/articles/dataset/Four_Alkaloids_from_i_Alstonia_scholaris_i_with_Antitumor_Activity_via_Disturbing_Glutathione_Homeostasis/28181969 | Y10: =IF(U10<>U11,$Y$1&" --pubDOI "& U10&" --dataDOI """&SUBSTITUTE(U10&X10&"""","https://doi.org/",""),"") | Z10: ="<br><a href="""&Q10&""">"&Q10&"</a>" -> <br><a href="https://doi.org/10.1021/acs.joc.4c02450.s004">https://doi.org/10.1021/acs.joc.4c02450.s004</a> | AA10: =IF(AB10="","",MID(AB10,1,LEN(AB10)-4)&".zip") -> jo5c00744_si_002.zip | AB10: jo5c00744_si_002.xyz
A11: 10 | B11: =V11 -> jo4c02450 | C11: =IF(Y11="","",IF(OR(O11,F11=1,M11=""),"#"&B11 &" "&G11,B11&IF(G11="",""," # " &G11))) | D11: =IF(F11=1,"",IF(AND(D10="",S10=S11),"",S11-SUM(F$2:F10))) -> 5 | E11: =IF(B11=B10,"1","0") -> 1 | F11: 0 | M11: =IF(OR(O11,D11=""),"","/*"&D11&" " & B11 &" */"""&Q11&""",//"&T11) -> /*5 jo4c02450 */"https://doi.org/10.1021/acs.joc.4c02450.s005",//Four Alkaloids from Alstonia scholaris with Antitumor Activity via Disturbing Glutathione Homeostasis | N11: =VLOOKUP(W11,AA:AB,2,FALSE) -> #N/A | O11: =NOT(ISNA(VLOOKUP(W11,AA:AA,1,FALSE))) -> FALSE | P11: https://acs.figshare.com/articles/dataset/Four_Alkaloids_from_i_Alstonia_scholaris_i_with_Antitumor_Activity_via_Disturbing_Glutathione_Homeostasis/28181978 | Q11: https://doi.org/10.1021/acs.joc.4c02450.s005 | R11: =MID(Q11,LEN(Q11)-2,4) -> 005 | S11: =IF(U11=U10,S10,S10+1) -> 5 | T11: =VLOOKUP(Q11,original!B:C,2,FALSE) -> Four Alkaloids from Alstonia scholaris with Antitumor Activity via Disturbing Glutathione Homeostasis | U11: https://doi.org/10.1021/acs.joc.4c02450 | V11: =SUBSTITUTE(SUBSTITUTE(MID(U11,LEN(U11)-8,100),"c.","jo"),"t.","ol") -> jo4c02450 | W11: =B11&"_si_"&R11&".zip" -> jo4c02450_si_005.zip | X11: =IF(U11<>U10,P11,X10&"\t"&P11) -> https://acs.figshare.com/articles/dataset/Four_Alkaloids_from_i_Alstonia_scholaris_i_with_Antitumor_Activity_via_Disturbing_Glutathione_Homeostasis/28181963\thttps://acs.figshare.com/articles/dataset/Four_Alkaloids_from_i_Alstonia_scholaris_i_with_Antitumor_Activity_via_Disturbing_Glutathione_Homeostasis/28181966\thttps://acs.figshare.com/articles/dataset/Four_Alkaloids_from_i_Alstonia_scholaris_i_with_Antitumor_Activity_via_Disturbing_Glutathione_Homeostasis/28181969\thttps://acs.figshare.com/articles/dataset/Four_Alkaloids_from_i_Alstonia_scholaris_i_with_Antitumor_Activity_via_Disturbing_Glutathione_Homeostasis/28181978 | Y11: =IF(U11<>U12,$Y$1&" --pubDOI "& U11&" --dataDOI """&SUBSTITUTE(U11&X11&"""","https://doi.org/",""),"") | Z11: ="<br><a href="""&Q11&""">"&Q11&"</a>" -> <br><a href="https://doi.org/10.1021/acs.joc.4c02450.s005">https://doi.org/10.1021/acs.joc.4c02450.s005</a> | AA11: =IF(AB11="","",MID(AB11,1,LEN(AB11)-4)&".zip") -> jo5c00787_si_001.zip | AB11: jo5c00787_si_001.xyz
A12: 11 | B12: =V12 -> jo4c02450 | C12: =IF(Y12="","",IF(OR(O12,F12=1,M12=""),"#"&B12 &" "&G12,B12&IF(G12="",""," # " &G12))) | D12: =IF(F12=1,"",IF(AND(D11="",S11=S12),"",S12-SUM(F$2:F11))) -> 5 | E12: =IF(B12=B11,"1","0") -> 1 | F12: 0 | M12: =IF(OR(O12,D12=""),"","/*"&D12&" " & B12 &" */"""&Q12&""",//"&T12) -> /*5 jo4c02450 */"https://doi.org/10.1021/acs.joc.4c02450.s006",//Four Alkaloids from Alstonia scholaris with Antitumor Activity via Disturbing Glutathione Homeostasis | N12: =VLOOKUP(W12,AA:AB,2,FALSE) -> #N/A | O12: =NOT(ISNA(VLOOKUP(W12,AA:AA,1,FALSE))) -> FALSE | P12: https://acs.figshare.com/articles/dataset/Four_Alkaloids_from_i_Alstonia_scholaris_i_with_Antitumor_Activity_via_Disturbing_Glutathione_Homeostasis/28181990 | Q12: https://doi.org/10.1021/acs.joc.4c02450.s006 | R12: =MID(Q12,LEN(Q12)-2,4) -> 006 | S12: =IF(U12=U11,S11,S11+1) -> 5 | T12: =VLOOKUP(Q12,original!B:C,2,FALSE) -> Four Alkaloids from Alstonia scholaris with Antitumor Activity via Disturbing Glutathione Homeostasis | U12: https://doi.org/10.1021/acs.joc.4c02450 | V12: =SUBSTITUTE(SUBSTITUTE(MID(U12,LEN(U12)-8,100),"c.","jo"),"t.","ol") -> jo4c02450 | W12: =B12&"_si_"&R12&".zip" -> jo4c02450_si_006.zip | X12: =IF(U12<>U11,P12,X11&"\t"&P12) -> https://acs.figshare.com/articles/dataset/Four_Alkaloids_from_i_Alstonia_scholaris_i_with_Antitumor_Activity_via_Disturbing_Glutathione_Homeostasis/28181963\thttps://acs.figshare.com/articles/dataset/Four_Alkaloids_from_i_Alstonia_scholaris_i_with_Antitumor_Activity_via_Disturbing_Glutathione_Homeostasis/28181966\thttps://acs.figshare.com/articles/dataset/Four_Alkaloids_from_i_Alstonia_scholaris_i_with_Antitumor_Activity_via_Disturbing_Glutathione_Homeostasis/28181969\thttps://acs.figshare.com/articles/dataset/Four_Alkaloids_from_i_Alstonia_scholaris_i_with_Antitumor_Activity_via_Disturbing_Glutathione_Homeostasis/28181978\thttps://acs.figshare.com/articles/dataset/Four_Alkaloids_from_i_Alstonia_scholaris_i_with_Antitumor_Activity_via_Disturbing_Glutathione_Homeostasis/28181990 | Y12: =IF(U12<>U13,$Y$1&" --pubDOI "& U12&" --dataDOI """&SUBSTITUTE(U12&X12&"""","https://doi.org/",""),"") | Z12: ="<br><a href="""&Q12&""">"&Q12&"</a>" -> <br><a href="https://doi.org/10.1021/acs.joc.4c02450.s006">https://doi.org/10.1021/acs.joc.4c02450.s006</a> | AA12: =IF(AB12="","",MID(AB12,1,LEN(AB12)-4)&".zip") -> jo5c00955_si_002.zip | AB12: jo5c00955_si_002.xyz
A13: 12 | B13: =V13 -> jo4c02450 | C13: =IF(Y13="","",IF(OR(O13,F13=1,M13=""),"#"&B13 &" "&G13,B13&IF(G13="",""," # " &G13))) | D13: =IF(F13=1,"",IF(AND(D12="",S12=S13),"",S13-SUM(F$2:F12))) -> 5 | E13: =IF(B13=B12,"1","0") -> 1 | F13: 0 | M13: =IF(OR(O13,D13=""),"","/*"&D13&" " & B13 &" */"""&Q13&""",//"&T13) -> /*5 jo4c02450 */"https://doi.org/10.1021/acs.joc.4c02450.s007",//Four Alkaloids from Alstonia scholaris with Antitumor Activity via Disturbing Glutathione Homeostasis | N13: =VLOOKUP(W13,AA:AB,2,FALSE) -> #N/A | O13: =NOT(ISNA(VLOOKUP(W13,AA:AA,1,FALSE))) -> FALSE | P13: https://acs.figshare.com/articles/dataset/Four_Alkaloids_from_i_Alstonia_scholaris_i_with_Antitumor_Activity_via_Disturbing_Glutathione_Homeostasis/28181993 | Q13: https://doi.org/10.1021/acs.joc.4c02450.s007 | R13: =MID(Q13,LEN(Q13)-2,4) -> 007 | S13: =IF(U13=U12,S12,S12+1) -> 5 | T13: =VLOOKUP(Q13,original!B:C,2,FALSE) -> Four Alkaloids from Alstonia scholaris with Antitumor Activity via Disturbing Glutathione Homeostasis | U13: https://doi.org/10.1021/acs.joc.4c02450 | V13: =SUBSTITUTE(SUBSTITUTE(MID(U13,LEN(U13)-8,100),"c.","jo"),"t.","ol") -> jo4c02450 | W13: =B13&"_si_"&R13&".zip" -> jo4c02450_si_007.zip | X13: =IF(U13<>U12,P13,X12&"\t"&P13) -> https://acs.figshare.com/articles/dataset/Four_Alkaloids_from_i_Alstonia_scholaris_i_with_Antitumor_Activity_via_Disturbing_Glutathione_Homeostasis/28181963\thttps://acs.figshare.com/articles/dataset/Four_Alkaloids_from_i_Alstonia_scholaris_i_with_Antitumor_Activity_via_Disturbing_Glutathione_Homeostasis/28181966\thttps://acs.figshare.com/articles/dataset/Four_Alkaloids_from_i_Alstonia_scholaris_i_with_Antitumor_Activity_via_Disturbing_Glutathione_Homeostasis/28181969\thttps://acs.figshare.com/articles/dataset/Four_Alkaloids_from_i_Alstonia_scholaris_i_with_Antitumor_Activity_via_Disturbing_Glutathione_Homeostasis/28181978\thttps://acs.figshare.com/articles/dataset/Four_Alkaloids_from_i_Alstonia_scholaris_i_with_Antitumor_Activity_via_Disturbing_Glutathione_Homeostasis/28181990\thttps://acs.figshare.com/articles/dataset/Four_Alkaloids_from_i_Alstonia_scholaris_i_with_Antitumor_Activity_via_Disturbing_Glutathione_Homeostasis/28181993 | Y13: =IF(U13<>U14,$Y$1&" --pubDOI "& U13&" --dataDOI """&SUBSTITUTE(U13&X13&"""","https://doi.org/",""),"") | Z13: ="<br><a href="""&Q13&""">"&Q13&"</a>" -> <br><a href="https://doi.org/10.1021/acs.joc.4c02450.s007">https://doi.org/10.1021/acs.joc.4c02450.s007</a> | AA13: =IF(AB13="","",MID(AB13,1,LEN(AB13)-4)&".zip") -> jo5c01112_si_002.zip | AB13: jo5c01112_si_002.xyz
A14: 13 | B14: =V14 -> jo4c02450 | C14: =IF(Y14="","",IF(OR(O14,F14=1,M14=""),"#"&B14 &" "&G14,B14&IF(G14="",""," # " &G14))) | D14: =IF(F14=1,"",IF(AND(D13="",S13=S14),"",S14-SUM(F$2:F13))) -> 5 | E14: =IF(B14=B13,"1","0") -> 1 | F14: 0 | M14: =IF(OR(O14,D14=""),"","/*"&D14&" " & B14 &" */"""&Q14&""",//"&T14) -> /*5 jo4c02450 */"https://doi.org/10.1021/acs.joc.4c02450.s008",//Four Alkaloids from Alstonia scholaris with Antitumor Activity via Disturbing Glutathione Homeostasis | N14: =VLOOKUP(W14,AA:AB,2,FALSE) -> #N/A | O14: =NOT(ISNA(VLOOKUP(W14,AA:AA,1,FALSE))) -> FALSE | P14: https://acs.figshare.com/articles/dataset/Four_Alkaloids_from_i_Alstonia_scholaris_i_with_Antitumor_Activity_via_Disturbing_Glutathione_Homeostasis/28181996 | Q14: https://doi.org/10.1021/acs.joc.4c02450.s008 | R14: =MID(Q14,LEN(Q14)-2,4) -> 008 | S14: =IF(U14=U13,S13,S13+1) -> 5 | T14: =VLOOKUP(Q14,original!B:C,2,FALSE) -> Four Alkaloids from Alstonia scholaris with Antitumor Activity via Disturbing Glutathione Homeostasis | U14: https://doi.org/10.1021/acs.joc.4c02450 | V14: =SUBSTITUTE(SUBSTITUTE(MID(U14,LEN(U14)-8,100),"c.","jo"),"t.","ol") -> jo4c02450 | W14: =B14&"_si_"&R14&".zip" -> jo4c02450_si_008.zip | X14: =IF(U14<>U13,P14,X13&"\t"&P14) -> https://acs.figshare.com/articles/dataset/Four_Alkaloids_from_i_Alstonia_scholaris_i_with_Antitumor_Activity_via_Disturbing_Glutathione_Homeostasis/28181963\thttps://acs.figshare.com/articles/dataset/Four_Alkaloids_from_i_Alstonia_scholaris_i_with_Antitumor_Activity_via_Disturbing_Glutathione_Homeostasis/28181966\thttps://acs.figshare.com/articles/dataset/Four_Alkaloids_from_i_Alstonia_scholaris_i_with_Antitumor_Activity_via_Disturbing_Glutathione_Homeostasis/28181969\thttps://acs.figshare.com/articles/dataset/Four_Alkaloids_from_i_Alstonia_scholaris_i_with_Antitumor_Activity_via_Disturbing_Glutathione_Homeostasis/28181978\thttps://acs.figshare.com/articles/dataset/Four_Alkaloids_from_i_Alstonia_scholaris_i_with_Antitumor_Activity_via_Disturbing_Glutathione_Homeostasis/28181990\thttps://acs.figshare.com/articles/dataset/Four_Alkaloids_from_i_Alstonia_scholaris_i_with_Antitumor_Activity_via_Disturbing_Glutathione_Homeostasis/28181993\thttps://acs.figshare.com/articles/dataset/Four_Alkaloids_from_i_Alstonia_scholaris_i_with_Antitumor_Activity_via_Disturbing_Glutathione_Homeostasis/28181996 | Y14: =IF(U14<>U15,$Y$1&" --pubDOI "& U14&" --dataDOI """&SUBSTITUTE(U14&X14&"""","https://doi.org/",""),"") | Z14: ="<br><a href="""&Q14&""">"&Q14&"</a>" -> <br><a href="https://doi.org/10.1021/acs.joc.4c02450.s008">https://doi.org/10.1021/acs.joc.4c02450.s008</a> | AA14: =IF(AB14="","",MID(AB14,1,LEN(AB14)-4)&".zip") -> jo5c01225_si_001.zip | AB14: jo5c01225_si_001.xyz
A15: 14 | B15: =V15 -> jo4c02450 | C15: =IF(Y15="","",IF(OR(O15,F15=1,M15=""),"#"&B15 &" "&G15,B15&IF(G15="",""," # " &G15))) -> jo4c02450 | D15: =IF(F15=1,"",IF(AND(D14="",S14=S15),"",S15-SUM(F$2:F14))) -> 5 | E15: =IF(B15=B14,"1","0") -> 1 | F15: 0 | H15: 8 | I15: 25 | M15: =IF(OR(O15,D15=""),"","/*"&D15&" " & B15 &" */"""&Q15&""",//"&T15) -> /*5 jo4c02450 */"https://doi.org/10.1021/acs.joc.4c02450.s009",//Four Alkaloids from Alstonia scholaris with Antitumor Activity via Disturbing Glutathione Homeostasis | N15: =VLOOKUP(W15,AA:AB,2,FALSE) -> #N/A | O15: =NOT(ISNA(VLOOKUP(W15,AA:AA,1,FALSE))) -> FALSE | P15: https://acs.figshare.com/articles/dataset/Four_Alkaloids_from_i_Alstonia_scholaris_i_with_Antitumor_Activity_via_Disturbing_Glutathione_Homeostasis/28181999 | Q15: https://doi.org/10.1021/acs.joc.4c02450.s009 | R15: =MID(Q15,LEN(Q15)-2,4) -> 009 | S15: =IF(U15=U14,S14,S14+1) -> 5 | T15: =VLOOKUP(Q15,original!B:C,2,FALSE) -> Four Alkaloids from Alstonia scholaris with Antitumor Activity via Disturbing Glutathione Homeostasis | U15: https://doi.org/10.1021/acs.joc.4c02450 | V15: =SUBSTITUTE(SUBSTITUTE(MID(U15,LEN(U15)-8,100),"c.","jo"),"t.","ol") -> jo4c02450 | W15: =B15&"_si_"&R15&".zip" -> jo4c02450_si_009.zip | X15: =IF(U15<>U14,P15,X14&"\t"&P15) -> https://acs.figshare.com/articles/dataset/Four_Alkaloids_from_i_Alstonia_scholaris_i_with_Antitumor_Activity_via_Disturbing_Glutathione_Homeostasis/28181963\thttps://acs.figshare.com/articles/dataset/Four_Alkaloids_from_i_Alstonia_scholaris_i_with_Antitumor_Activity_via_Disturbing_Glutathione_Homeostasis/28181966\thttps://acs.figshare.com/articles/dataset/Four_Alkaloids_from_i_Alstonia_scholaris_i_with_Antitumor_Activity_via_Disturbing_Glutathione_Homeostasis/28181969\thttps://acs.figshare.com/articles/dataset/Four_Alkaloids_from_i_Alstonia_scholaris_i_with_Antitumor_Activity_via_Disturbing_Glutathione_Homeostasis/28181978\thttps://acs.figshare.com/articles/dataset/Four_Alkaloids_from_i_Alstonia_scholaris_i_with_Antitumor_Activity_via_Disturbing_Glutathione_Homeostasis/28181990\thttps://acs.figshare.com/articles/dataset/Four_Alkaloids_from_i_Alstonia_scholaris_i_with_Antitumor_Activity_via_Disturbing_Glutathione_Homeostasis/28181993\thttps://acs.figshare.com/articles/dataset/Four_Alkaloids_from_i_Alstonia_scholaris_i_with_Antitumor_Activity_via_Disturbing_Glutathione_Homeostasis/28181996\thttps://acs.figshare.com/articles/dataset/Four_Alkaloids_from_i_Alstonia_scholaris_i_with_Antitumor_Activity_via_Disturbing_Glutathione_Homeostasis/28181999 | Y15: =IF(U15<>U16,$Y$1&" --pubDOI "& U15&" --dataDOI """&SUBSTITUTE(U15&X15&"""","https://doi.org/",""),"") -> --localSource c:/temp/acs2/data --targetDir c:/temp/acs2/$DOI$ --noDownload --readOnly --pubDOI https://doi.org/10.1021/acs.joc.4c02450 --dataDOI "10.1021/acs.joc.4c02450https://acs.figshare.com/articles/dataset/Four_Alkaloids_from_i_Alstonia_scholaris_i_with_Antitumor_Activity_via_Disturbing_Glutathione_Homeostasis/28181963\thttps://acs.figshare.com/articles/dataset/Four_Alkaloids_from_i_Alstonia_scholaris_i_with_Antitumor_Activity_via_Disturbing_Glutathione_Homeostasis/28181966\thttps://acs.figshare.com/articles/dataset/Four_Alkaloids_from_i_Alstonia_scholaris_i_with_Antitumor_Activity_via_Disturbing_Glutathione_Homeostasis/28181969\thttps://acs.figshare.com/articles/dataset/Four_Alkaloids_from_i_Alstonia_scholaris_i_with_Antitumor_Activity_via_Disturbing_Glutathione_Homeostasis/28181978\thttps://acs.figshare.com/articles/dataset/Four_Alkaloids_from_i_Alstonia_scholaris_i_with_Antitumor_Activity_via_Disturbing_Glutathione_Homeostasis/28181990\thttps://acs.figshare.com/articles/dataset/Four_Alkaloids_from_i_Alstonia_scholaris_i_with_Antitumor_Activity_via_Disturbing_Glutathione_Homeostasis/28181993\thttps://acs.figshare.com/articles/dataset/Four_Alkaloids_from_i_Alstonia_scholaris_i_with_Antitumor_Activity_via_Disturbing_Glutathione_Homeostasis/28181996\thttps://acs.figshare.com/articles/dataset/Four_Alkaloids_from_i_Alstonia_scholaris_i_with_Antitumor_Activity_via_Disturbing_Glutathione_Homeostasis/28181999" | Z15: ="<br><a href="""&Q15&""">"&Q15&"</a>" -> <br><a href="https://doi.org/10.1021/acs.joc.4c02450.s009">https://doi.org/10.1021/acs.joc.4c02450.s009</a> | AA15: =IF(AB15="","",MID(AB15,1,LEN(AB15)-4)&".zip") -> jo5c01560_si_003.zip | AB15: jo5c01560_si_003.xyz
A16: 15 | B16: =V16 -> jo4c02490 | C16: =IF(Y16="","",IF(OR(O16,F16=1,M16=""),"#"&B16 &" "&G16,B16&IF(G16="",""," # " &G16))) -> jo4c02490 | D16: =IF(F16=1,"",IF(AND(D15="",S15=S16),"",S16-SUM(F$2:F15))) -> 6 | E16: =IF(B16=B15,"1","0") -> 0 | F16: 0 | H16: 48 | I16: 107 | M16: =IF(OR(O16,D16=""),"","/*"&D16&" " & B16 &" */"""&Q16&""",//"&T16) -> /*6 jo4c02490 */"https://doi.org/10.1021/acs.joc.4c02490.s002",//CO2•– Enabled Synthesis of Phenanthridinones, Oxindoles, Isoindolinones, and Spirolactams | N16: =VLOOKUP(W16,AA:AB,2,FALSE) -> #N/A | O16: =NOT(ISNA(VLOOKUP(W16,AA:AA,1,FALSE))) -> FALSE | P16: https://acs.figshare.com/articles/dataset/CO_sub_2_sub_sup_sup_Enabled_Synthesis_of_Phenanthridinones_Oxindoles_Isoindolinones_and_Spirolactams/28516677 | Q16: https://doi.org/10.1021/acs.joc.4c02490.s002 | R16: =MID(Q16,LEN(Q16)-2,4) -> 002 | S16: =IF(U16=U15,S15,S15+1) -> 6 | T16: =VLOOKUP(Q16,original!B:C,2,FALSE) -> CO2•– Enabled Synthesis of Phenanthridinones, Oxindoles, Isoindolinones, and Spirolactams | U16: https://doi.org/10.1021/acs.joc.4c02490 | V16: =SUBSTITUTE(SUBSTITUTE(MID(U16,LEN(U16)-8,100),"c.","jo"),"t.","ol") -> jo4c02490 | W16: =B16&"_si_"&R16&".zip" -> jo4c02490_si_002.zip | X16: =IF(U16<>U15,P16,X15&"\t"&P16) -> https://acs.figshare.com/articles/dataset/CO_sub_2_sub_sup_sup_Enabled_Synthesis_of_Phenanthridinones_Oxindoles_Isoindolinones_and_Spirolactams/28516677 | Y16: =IF(U16<>U17,$Y$1&" --pubDOI "& U16&" --dataDOI """&SUBSTITUTE(U16&X16&"""","https://doi.org/",""),"") -> --localSource c:/temp/acs2/data --targetDir c:/temp/acs2/$DOI$ --noDownload --readOnly --pubDOI https://doi.org/10.1021/acs.joc.4c02490 --dataDOI "10.1021/acs.joc.4c02490https://acs.figshare.com/articles/dataset/CO_sub_2_sub_sup_sup_Enabled_Synthesis_of_Phenanthridinones_Oxindoles_Isoindolinones_and_Spirolactams/28516677" | Z16: ="<br><a href="""&Q16&""">"&Q16&"</a>" -> <br><a href="https://doi.org/10.1021/acs.joc.4c02490.s002">https://doi.org/10.1021/acs.joc.4c02490.s002</a> | AA16: =IF(AB16="","",MID(AB16,1,LEN(AB16)-4)&".zip") -> jo5c01560_si_007.zip | AB16: jo5c01560_si_007.xyz
A17: 16 | B17: =V17 -> jo4c02546 | C17: =IF(Y17="","",IF(OR(O17,F17=1,M17=""),"#"&B17 &" "&G17,B17&IF(G17="",""," # " &G17))) -> #jo4c02546 CALCULATION ONLY XYZ | D17: =IF(F17=1,"",IF(AND(D16="",S16=S17),"",S17-SUM(F$2:F16))) | E17: =IF(B17=B16,"1","0") -> 0 | F17: 1 | G17: CALCULATION ONLY XYZ | M17: =IF(OR(O17,D17=""),"","/*"&D17&" " & B17 &" */"""&Q17&""",//"&T17) | N17: =VLOOKUP(W17,AA:AB,2,FALSE) -> #N/A | O17: =NOT(ISNA(VLOOKUP(W17,AA:AA,1,FALSE))) -> FALSE | P17: https://acs.figshare.com/articles/dataset/Synergy-Promoted_Specific_Alkyltriphenylphosphonium_Binding_to_CB_8_/28379677 | Q17: https://doi.org/10.1021/acs.joc.4c02546.s002 | R17: =MID(Q17,LEN(Q17)-2,4) -> 002 | S17: =IF(U17=U16,S16,S16+1) -> 7 | T17: =VLOOKUP(Q17,original!B:C,2,FALSE) -> Synergy-Promoted Specific Alkyltriphenylphosphonium Binding to CB[8] | U17: https://doi.org/10.1021/acs.joc.4c02546 | V17: =SUBSTITUTE(SUBSTITUTE(MID(U17,LEN(U17)-8,100),"c.","jo"),"t.","ol") -> jo4c02546 | W17: =B17&"_si_"&R17&".zip" -> jo4c02546_si_002.zip | X17: =IF(U17<>U16,P17,X16&"\t"&P17) -> https://acs.figshare.com/articles/dataset/Synergy-Promoted_Specific_Alkyltriphenylphosphonium_Binding_to_CB_8_/28379677 | Y17: =IF(U17<>U18,$Y$1&" --pubDOI "& U17&" --dataDOI """&SUBSTITUTE(U17&X17&"""","https://doi.org/",""),"") -> --localSource c:/temp/acs2/data --targetDir c:/temp/acs2/$DOI$ --noDownload --readOnly --pubDOI https://doi.org/10.1021/acs.joc.4c02546 --dataDOI "10.1021/acs.joc.4c02546https://acs.figshare.com/articles/dataset/Synergy-Promoted_Specific_Alkyltriphenylphosphonium_Binding_to_CB_8_/28379677" | Z17: ="<br><a href="""&Q17&""">"&Q17&"</a>" -> <br><a href="https://doi.org/10.1021/acs.joc.4c02546.s002">https://doi.org/10.1021/acs.joc.4c02546.s002</a> | AA17: =IF(AB17="","",MID(AB17,1,LEN(AB17)-4)&".zip") -> jo5c01560_si_010.zip | AB17: jo5c01560_si_010.xyz
A18: 17 | B18: =V18 -> jo4c02574 | C18: =IF(Y18="","",IF(OR(O18,F18=1,M18=""),"#"&B18 &" "&G18,B18&IF(G18="",""," # " &G18))) -> #jo4c02574 XLS | D18: =IF(F18=1,"",IF(AND(D17="",S17=S18),"",S18-SUM(F$2:F17))) | E18: =IF(B18=B17,"1","0") -> 0 | F18: 1 | G18: XLS | M18: =IF(OR(O18,D18=""),"","/*"&D18&" " & B18 &" */"""&Q18&""",//"&T18) | N18: =VLOOKUP(W18,AA:AB,2,FALSE) -> jo4c02574_si_002.xls | O18: =NOT(ISNA(VLOOKUP(W18,AA:AA,1,FALSE))) -> TRUE | P18: https://acs.figshare.com/articles/dataset/C_H_Aminoalkylation_of_5_Membered_Heterocycles_Influence_of_Descriptors_Data_Set_Size_and_Data_Quality_on_the_Predictiveness_of_Machine_Learning_Models_and_Expansion_of_the_Substrate_Space_Beyond_1_3-Azoles/28395051 | Q18: https://doi.org/10.1021/acs.joc.4c02574.s002 | R18: =MID(Q18,LEN(Q18)-2,4) -> 002 | S18: =IF(U18=U17,S17,S17+1) -> 8 | T18: =VLOOKUP(Q18,original!B:C,2,FALSE) -> C–H Aminoalkylation of 5‑Membered Heterocycles: Influence of Descriptors, Data Set Size, and Data Quality on the Predictiveness of Machine Learning Models and Expansion of the Substrate Space Beyond 1,3-Azoles | U18: https://doi.org/10.1021/acs.joc.4c02574 | V18: =SUBSTITUTE(SUBSTITUTE(MID(U18,LEN(U18)-8,100),"c.","jo"),"t.","ol") -> jo4c02574 | W18: =B18&"_si_"&R18&".zip" -> jo4c02574_si_002.zip | X18: =IF(U18<>U17,P18,X17&"\t"&P18) -> https://acs.figshare.com/articles/dataset/C_H_Aminoalkylation_of_5_Membered_Heterocycles_Influence_of_Descriptors_Data_Set_Size_and_Data_Quality_on_the_Predictiveness_of_Machine_Learning_Models_and_Expansion_of_the_Substrate_Space_Beyond_1_3-Azoles/28395051 | Y18: =IF(U18<>U19,$Y$1&" --pubDOI "& U18&" --dataDOI """&SUBSTITUTE(U18&X18&"""","https://doi.org/",""),"") -> --localSource c:/temp/acs2/data --targetDir c:/temp/acs2/$DOI$ --noDownload --readOnly --pubDOI https://doi.org/10.1021/acs.joc.4c02574 --dataDOI "10.1021/acs.joc.4c02574https://acs.figshare.com/articles/dataset/C_H_Aminoalkylation_of_5_Membered_Heterocycles_Influence_of_Descriptors_Data_Set_Size_and_Data_Quality_on_the_Predictiveness_of_Machine_Learning_Models_and_Expansion_of_the_Substrate_Space_Beyond_1_3-Azoles/28395051" | Z18: ="<br><a href="""&Q18&""">"&Q18&"</a>" -> <br><a href="https://doi.org/10.1021/acs.joc.4c02574.s002">https://doi.org/10.1021/acs.joc.4c02574.s002</a> | AA18: =IF(AB18="","",MID(AB18,1,LEN(AB18)-4)&".zip") -> jo5c01560_si_012.zip | AB18: jo5c01560_si_012.xyz
A19: 18 | B19: =V19 -> jo4c02600 | C19: =IF(Y19="","",IF(OR(O19,F19=1,M19=""),"#"&B19 &" "&G19,B19&IF(G19="",""," # " &G19))) -> jo4c02600 | D19: =IF(F19=1,"",IF(AND(D18="",S18=S19),"",S19-SUM(F$2:F18))) -> 7 | E19: =IF(B19=B18,"1","0") -> 0 | F19: 0 | H19: 33 | I19: 71 | M19: =IF(OR(O19,D19=""),"","/*"&D19&" " & B19 &" */"""&Q19&""",//"&T19) -> /*7 jo4c02600 */"https://doi.org/10.1021/acs.joc.4c02600.s002",//Visible-Light-Mediated Three-Component Alkene 1,2-Alkylpyridylation Reaction Using Alkylboronic Acids as Radical Precursors for the Synthesis of 4‑Alkylpyridines | N19: =VLOOKUP(W19,AA:AB,2,FALSE) -> #N/A | O19: =NOT(ISNA(VLOOKUP(W19,AA:AA,1,FALSE))) -> FALSE | P19: https://acs.figshare.com/articles/dataset/Visible-Light-Mediated_Three-Component_Alkene_1_2-Alkylpyridylation_Reaction_Using_Alkylboronic_Acids_as_Radical_Precursors_for_the_Synthesis_of_4_Alkylpyridines/28524997 | Q19: https://doi.org/10.1021/acs.joc.4c02600.s002 | R19: =MID(Q19,LEN(Q19)-2,4) -> 002 | S19: =IF(U19=U18,S18,S18+1) -> 9 | T19: =VLOOKUP(Q19,original!B:C,2,FALSE) -> Visible-Light-Mediated Three-Component Alkene 1,2-Alkylpyridylation Reaction Using Alkylboronic Acids as Radical Precursors for the Synthesis of 4‑Alkylpyridines | U19: https://doi.org/10.1021/acs.joc.4c02600 | V19: =SUBSTITUTE(SUBSTITUTE(MID(U19,LEN(U19)-8,100),"c.","jo"),"t.","ol") -> jo4c02600 | W19: =B19&"_si_"&R19&".zip" -> jo4c02600_si_002.zip | X19: =IF(U19<>U18,P19,X18&"\t"&P19) -> https://acs.figshare.com/articles/dataset/Visible-Light-Mediated_Three-Component_Alkene_1_2-Alkylpyridylation_Reaction_Using_Alkylboronic_Acids_as_Radical_Precursors_for_the_Synthesis_of_4_Alkylpyridines/28524997 | Y19: =IF(U19<>U20,$Y$1&" --pubDOI "& U19&" --dataDOI """&SUBSTITUTE(U19&X19&"""","https://doi.org/",""),"") -> --localSource c:/temp/acs2/data --targetDir c:/temp/acs2/$DOI$ --noDownload --readOnly --pubDOI https://doi.org/10.1021/acs.joc.4c02600 --dataDOI "10.1021/acs.joc.4c02600https://acs.figshare.com/articles/dataset/Visible-Light-Mediated_Three-Component_Alkene_1_2-Alkylpyridylation_Reaction_Using_Alkylboronic_Acids_as_Radical_Precursors_for_the_Synthesis_of_4_Alkylpyridines/28524997" | Z19: ="<br><a href="""&Q19&""">"&Q19&"</a>" -> <br><a href="https://doi.org/10.1021/acs.joc.4c02600.s002">https://doi.org/10.1021/acs.joc.4c02600.s002</a> | AA19: =IF(AB19="","",MID(AB19,1,LEN(AB19)-4)&".zip") -> jo5c01560_si_005.zip | AB19: jo5c01560_si_005.xyz
A20: 19 | B20: =V20 -> jo4c02622 | C20: =IF(Y20="","",IF(OR(O20,F20=1,M20=""),"#"&B20 &" "&G20,B20&IF(G20="",""," # " &G20))) | D20: =IF(F20=1,"",IF(AND(D19="",S19=S20),"",S20-SUM(F$2:F19))) -> 8 | E20: =IF(B20=B19,"1","0") -> 0 | F20: 0 | M20: =IF(OR(O20,D20=""),"","/*"&D20&" " & B20 &" */"""&Q20&""",//"&T20) -> /*8 jo4c02622 */"https://doi.org/10.1021/acs.joc.4c02622.s001",//Direct Synthesis of 2‑Functionalized 3‑Nitroindoles from Diazo(nitro)acetanilides | N20: =VLOOKUP(W20,AA:AB,2,FALSE) -> #N/A | O20: =NOT(ISNA(VLOOKUP(W20,AA:AA,1,FALSE))) -> FALSE | P20: https://acs.figshare.com/articles/dataset/Direct_Synthesis_of_2_Functionalized_3_Nitroindoles_from_Diazo_nitro_acetanilides/28156320 | Q20: https://doi.org/10.1021/acs.joc.4c02622.s001 | R20: =MID(Q20,LEN(Q20)-2,4) -> 001 | S20: =IF(U20=U19,S19,S19+1) -> 10 | T20: =VLOOKUP(Q20,original!B:C,2,FALSE) -> Direct Synthesis of 2‑Functionalized 3‑Nitroindoles from Diazo(nitro)acetanilides | U20: https://doi.org/10.1021/acs.joc.4c02622 | V20: =SUBSTITUTE(SUBSTITUTE(MID(U20,LEN(U20)-8,100),"c.","jo"),"t.","ol") -> jo4c02622 | W20: =B20&"_si_"&R20&".zip" -> jo4c02622_si_001.zip | X20: =IF(U20<>U19,P20,X19&"\t"&P20) -> https://acs.figshare.com/articles/dataset/Direct_Synthesis_of_2_Functionalized_3_Nitroindoles_from_Diazo_nitro_acetanilides/28156320 | Y20: =IF(U20<>U21,$Y$1&" --pubDOI "& U20&" --dataDOI """&SUBSTITUTE(U20&X20&"""","https://doi.org/",""),"") | Z20: ="<br><a href="""&Q20&""">"&Q20&"</a>" -> <br><a href="https://doi.org/10.1021/acs.joc.4c02622.s001">https://doi.org/10.1021/acs.joc.4c02622.s001</a> | AA20: =IF(AB20="","",MID(AB20,1,LEN(AB20)-4)&".zip") -> jo5c01774_si_002.zip | AB20: jo5c01774_si_002.xyz
A21: 20 | B21: =V21 -> jo4c02622 | C21: =IF(Y21="","",IF(OR(O21,F21=1,M21=""),"#"&B21 &" "&G21,B21&IF(G21="",""," # " &G21))) | D21: =IF(F21=1,"",IF(AND(D20="",S20=S21),"",S21-SUM(F$2:F20))) -> 8 | E21: =IF(B21=B20,"1","0") -> 1 | F21: 0 | M21: =IF(OR(O21,D21=""),"","/*"&D21&" " & B21 &" */"""&Q21&""",//"&T21) -> /*8 jo4c02622 */"https://doi.org/10.1021/acs.joc.4c02622.s002",//Direct Synthesis of 2‑Functionalized 3‑Nitroindoles from Diazo(nitro)acetanilides | N21: =VLOOKUP(W21,AA:AB,2,FALSE) -> #N/A | O21: =NOT(ISNA(VLOOKUP(W21,AA:AA,1,FALSE))) -> FALSE | P21: https://acs.figshare.com/articles/dataset/Direct_Synthesis_of_2_Functionalized_3_Nitroindoles_from_Diazo_nitro_acetanilides/28156323 | Q21: https://doi.org/10.1021/acs.joc.4c02622.s002 | R21: =MID(Q21,LEN(Q21)-2,4) -> 002 | S21: =IF(U21=U20,S20,S20+1) -> 10 | T21: =VLOOKUP(Q21,original!B:C,2,FALSE) -> Direct Synthesis of 2‑Functionalized 3‑Nitroindoles from Diazo(nitro)acetanilides | U21: https://doi.org/10.1021/acs.joc.4c02622 | V21: =SUBSTITUTE(SUBSTITUTE(MID(U21,LEN(U21)-8,100),"c.","jo"),"t.","ol") -> jo4c02622 | W21: =B21&"_si_"&R21&".zip" -> jo4c02622_si_002.zip | X21: =IF(U21<>U20,P21,X20&"\t"&P21) -> https://acs.figshare.com/articles/dataset/Direct_Synthesis_of_2_Functionalized_3_Nitroindoles_from_Diazo_nitro_acetanilides/28156320\thttps://acs.figshare.com/articles/dataset/Direct_Synthesis_of_2_Functionalized_3_Nitroindoles_from_Diazo_nitro_acetanilides/28156323 | Y21: =IF(U21<>U22,$Y$1&" --pubDOI "& U21&" --dataDOI """&SUBSTITUTE(U21&X21&"""","https://doi.org/",""),"") | Z21: ="<br><a href="""&Q21&""">"&Q21&"</a>" -> <br><a href="https://doi.org/10.1021/acs.joc.4c02622.s002">https://doi.org/10.1021/acs.joc.4c02622.s002</a> | AA21: =IF(AB21="","",MID(AB21,1,LEN(AB21)-4)&".zip") -> jo5c01560_si_004.zip | AB21: jo5c01560_si_004.xyz
A22: 21 | B22: =V22 -> jo4c02622 | C22: =IF(Y22="","",IF(OR(O22,F22=1,M22=""),"#"&B22 &" "&G22,B22&IF(G22="",""," # " &G22))) -> jo4c02622 | D22: =IF(F22=1,"",IF(AND(D21="",S21=S22),"",S22-SUM(F$2:F21))) -> 8 | E22: =IF(B22=B21,"1","0") -> 1 | F22: 0 | H22: 65 | I22: 154 | J22: 65 | M22: =IF(OR(O22,D22=""),"","/*"&D22&" " & B22 &" */"""&Q22&""",//"&T22) -> /*8 jo4c02622 */"https://doi.org/10.1021/acs.joc.4c02622.s004",//Direct Synthesis of 2‑Functionalized 3‑Nitroindoles from Diazo(nitro)acetanilides | N22: =VLOOKUP(W22,AA:AB,2,FALSE) -> #N/A | O22: =NOT(ISNA(VLOOKUP(W22,AA:AA,1,FALSE))) -> FALSE | P22: https://acs.figshare.com/articles/dataset/Direct_Synthesis_of_2_Functionalized_3_Nitroindoles_from_Diazo_nitro_acetanilides/28156329 | Q22: https://doi.org/10.1021/acs.joc.4c02622.s004 | R22: =MID(Q22,LEN(Q22)-2,4) -> 004 | S22: =IF(U22=U21,S21,S21+1) -> 10 | T22: =VLOOKUP(Q22,original!B:C,2,FALSE) -> Direct Synthesis of 2‑Functionalized 3‑Nitroindoles from Diazo(nitro)acetanilides | U22: https://doi.org/10.1021/acs.joc.4c02622 | V22: =SUBSTITUTE(SUBSTITUTE(MID(U22,LEN(U22)-8,100),"c.","jo"),"t.","ol") -> jo4c02622 | W22: =B22&"_si_"&R22&".zip" -> jo4c02622_si_004.zip | X22: =IF(U22<>U21,P22,X21&"\t"&P22) -> https://acs.figshare.com/articles/dataset/Direct_Synthesis_of_2_Functionalized_3_Nitroindoles_from_Diazo_nitro_acetanilides/28156320\thttps://acs.figshare.com/articles/dataset/Direct_Synthesis_of_2_Functionalized_3_Nitroindoles_from_Diazo_nitro_acetanilides/28156323\thttps://acs.figshare.com/articles/dataset/Direct_Synthesis_of_2_Functionalized_3_Nitroindoles_from_Diazo_nitro_acetanilides/28156329 | Y22: =IF(U22<>U23,$Y$1&" --pubDOI "& U22&" --dataDOI """&SUBSTITUTE(U22&X22&"""","https://doi.org/",""),"") -> --localSource c:/temp/acs2/data --targetDir c:/temp/acs2/$DOI$ --noDownload --readOnly --pubDOI https://doi.org/10.1021/acs.joc.4c02622 --dataDOI "10.1021/acs.joc.4c02622https://acs.figshare.com/articles/dataset/Direct_Synthesis_of_2_Functionalized_3_Nitroindoles_from_Diazo_nitro_acetanilides/28156320\thttps://acs.figshare.com/articles/dataset/Direct_Synthesis_of_2_Functionalized_3_Nitroindoles_from_Diazo_nitro_acetanilides/28156323\thttps://acs.figshare.com/articles/dataset/Direct_Synthesis_of_2_Functionalized_3_Nitroindoles_from_Diazo_nitro_acetanilides/28156329" | Z22: ="<br><a href="""&Q22&""">"&Q22&"</a>" -> <br><a href="https://doi.org/10.1021/acs.joc.4c02622.s004">https://doi.org/10.1021/acs.joc.4c02622.s004</a> | AA22: =IF(AB22="","",MID(AB22,1,LEN(AB22)-4)&".zip") -> jo5c01560_si_011.zip | AB22: jo5c01560_si_011.xyz
A23: 22 | B23: =V23 -> jo4c02634 | C23: =IF(Y23="","",IF(OR(O23,F23=1,M23=""),"#"&B23 &" "&G23,B23&IF(G23="",""," # " &G23))) -> jo4c02634 | D23: =IF(F23=1,"",IF(AND(D22="",S22=S23),"",S23-SUM(F$2:F22))) -> 9 | E23: =IF(B23=B22,"1","0") -> 0 | F23: 0 | H23: 24 | I23: 47 | M23: =IF(OR(O23,D23=""),"","/*"&D23&" " & B23 &" */"""&Q23&""",//"&T23) -> /*9 jo4c02634 */"https://doi.org/10.1021/acs.joc.4c02634.s002",//Synthesis of N‑Heterocycle-Ligated Porphyrins Using Iodobenzene Diacetate Enabled Regioselective Cross-Dehydrogenation of Porphyrins and NH-Heteroaromatics | N23: =VLOOKUP(W23,AA:AB,2,FALSE) -> #N/A | O23: =NOT(ISNA(VLOOKUP(W23,AA:AA,1,FALSE))) -> FALSE | P23: https://acs.figshare.com/articles/dataset/Synthesis_of_N_Heterocycle-Ligated_Porphyrins_Using_Iodobenzene_Diacetate_Enabled_Regioselective_Cross-Dehydrogenation_of_Porphyrins_and_NH-Heteroaromatics/28519682 | Q23: https://doi.org/10.1021/acs.joc.4c02634.s002 | R23: =MID(Q23,LEN(Q23)-2,4) -> 002 | S23: =IF(U23=U22,S22,S22+1) -> 11 | T23: =VLOOKUP(Q23,original!B:C,2,FALSE) -> Synthesis of N‑Heterocycle-Ligated Porphyrins Using Iodobenzene Diacetate Enabled Regioselective Cross-Dehydrogenation of Porphyrins and NH-Heteroaromatics | U23: https://doi.org/10.1021/acs.joc.4c02634 | V23: =SUBSTITUTE(SUBSTITUTE(MID(U23,LEN(U23)-8,100),"c.","jo"),"t.","ol") -> jo4c02634 | W23: =B23&"_si_"&R23&".zip" -> jo4c02634_si_002.zip | X23: =IF(U23<>U22,P23,X22&"\t"&P23) -> https://acs.figshare.com/articles/dataset/Synthesis_of_N_Heterocycle-Ligated_Porphyrins_Using_Iodobenzene_Diacetate_Enabled_Regioselective_Cross-Dehydrogenation_of_Porphyrins_and_NH-Heteroaromatics/28519682 | Y23: =IF(U23<>U24,$Y$1&" --pubDOI "& U23&" --dataDOI """&SUBSTITUTE(U23&X23&"""","https://doi.org/",""),"") -> --localSource c:/temp/acs2/data --targetDir c:/temp/acs2/$DOI$ --noDownload --readOnly --pubDOI https://doi.org/10.1021/acs.joc.4c02634 --dataDOI "10.1021/acs.joc.4c02634https://acs.figshare.com/articles/dataset/Synthesis_of_N_Heterocycle-Ligated_Porphyrins_Using_Iodobenzene_Diacetate_Enabled_Regioselective_Cross-Dehydrogenation_of_Porphyrins_and_NH-Heteroaromatics/28519682" | Z23: ="<br><a href="""&Q23&""">"&Q23&"</a>" -> <br><a href="https://doi.org/10.1021/acs.joc.4c02634.s002">https://doi.org/10.1021/acs.joc.4c02634.s002</a> | AA23: =IF(AB23="","",MID(AB23,1,LEN(AB23)-4)&".zip") -> jo5c01560_si_008.zip | AB23: jo5c01560_si_008.xyz
A24: 23 | B24: =V24 -> jo4c02638 | C24: =IF(Y24="","",IF(OR(O24,F24=1,M24=""),"#"&B24 &" "&G24,B24&IF(G24="",""," # " &G24))) -> jo4c02638 | D24: =IF(F24=1,"",IF(AND(D23="",S23=S24),"",S24-SUM(F$2:F23))) -> 10 | E24: =IF(B24=B23,"1","0") -> 0 | F24: 0 | H24: 86 | I24: 179 | M24: =IF(OR(O24,D24=""),"","/*"&D24&" " & B24 &" */"""&Q24&""",//"&T24) -> /*10 jo4c02638 */"https://doi.org/10.1021/acs.joc.4c02638.s002",//NHC-BH3‑Mediated Reduction of Sulfonyl Hydrazides into Disulfides and Further Cross-Coupling with Chlorostibine and Bioactivities | N24: =VLOOKUP(W24,AA:AB,2,FALSE) -> #N/A | O24: =NOT(ISNA(VLOOKUP(W24,AA:AA,1,FALSE))) -> FALSE | P24: https://acs.figshare.com/articles/dataset/NHC-BH_sub_3_sub_Mediated_Reduction_of_Sulfonyl_Hydrazides_into_Disulfides_and_Further_Cross-Coupling_with_Chlorostibine_and_Bioactivities/28432991 | Q24: https://doi.org/10.1021/acs.joc.4c02638.s002 | R24: =MID(Q24,LEN(Q24)-2,4) -> 002 | S24: =IF(U24=U23,S23,S23+1) -> 12 | T24: =VLOOKUP(Q24,original!B:C,2,FALSE) -> NHC-BH3‑Mediated Reduction of Sulfonyl Hydrazides into Disulfides and Further Cross-Coupling with Chlorostibine and Bioactivities | U24: https://doi.org/10.1021/acs.joc.4c02638 | V24: =SUBSTITUTE(SUBSTITUTE(MID(U24,LEN(U24)-8,100),"c.","jo"),"t.","ol") -> jo4c02638 | W24: =B24&"_si_"&R24&".zip" -> jo4c02638_si_002.zip | X24: =IF(U24<>U23,P24,X23&"\t"&P24) -> https://acs.figshare.com/articles/dataset/NHC-BH_sub_3_sub_Mediated_Reduction_of_Sulfonyl_Hydrazides_into_Disulfides_and_Further_Cross-Coupling_with_Chlorostibine_and_Bioactivities/28432991 | Y24: =IF(U24<>U25,$Y$1&" --pubDOI "& U24&" --dataDOI """&SUBSTITUTE(U24&X24&"""","https://doi.org/",""),"") -> --localSource c:/temp/acs2/data --targetDir c:/temp/acs2/$DOI$ --noDownload --readOnly --pubDOI https://doi.org/10.1021/acs.joc.4c02638 --dataDOI "10.1021/acs.joc.4c02638https://acs.figshare.com/articles/dataset/NHC-BH_sub_3_sub_Mediated_Reduction_of_Sulfonyl_Hydrazides_into_Disulfides_and_Further_Cross-Coupling_with_Chlorostibine_and_Bioactivities/28432991" | Z24: ="<br><a href="""&Q24&""">"&Q24&"</a>" -> <br><a href="https://doi.org/10.1021/acs.joc.4c02638.s002">https://doi.org/10.1021/acs.joc.4c02638.s002</a> | AA24: =IF(AB24="","",MID(AB24,1,LEN(AB24)-4)&".zip") -> jo5c01560_si_013.zip | AB24: jo5c01560_si_013.xyz
A25: 24 | B25: =V25 -> jo4c02652 | C25: =IF(Y25="","",IF(OR(O25,F25=1,M25=""),"#"&B25 &" "&G25,B25&IF(G25="",""," # " &G25))) -> jo4c02652 | D25: =IF(F25=1,"",IF(AND(D24="",S24=S25),"",S25-SUM(F$2:F24))) -> 11 | E25: =IF(B25=B24,"1","0") -> 0 | F25: 0 | H25: 38 | I25: 141 | M25: =IF(OR(O25,D25=""),"","/*"&D25&" " & B25 &" */"""&Q25&""",//"&T25) -> /*11 jo4c02652 */"https://doi.org/10.1021/acs.joc.4c02652.s002",//Aryl Borane as a Catalyst for Dehydrative Amide Synthesis | N25: =VLOOKUP(W25,AA:AB,2,FALSE) -> #N/A | O25: =NOT(ISNA(VLOOKUP(W25,AA:AA,1,FALSE))) -> FALSE | P25: https://acs.figshare.com/articles/dataset/Aryl_Borane_as_a_Catalyst_for_Dehydrative_Amide_Synthesis/28313122 | Q25: https://doi.org/10.1021/acs.joc.4c02652.s002 | R25: =MID(Q25,LEN(Q25)-2,4) -> 002 | S25: =IF(U25=U24,S24,S24+1) -> 13 | T25: =VLOOKUP(Q25,original!B:C,2,FALSE) -> Aryl Borane as a Catalyst for Dehydrative Amide Synthesis | U25: https://doi.org/10.1021/acs.joc.4c02652 | V25: =SUBSTITUTE(SUBSTITUTE(MID(U25,LEN(U25)-8,100),"c.","jo"),"t.","ol") -> jo4c02652 | W25: =B25&"_si_"&R25&".zip" -> jo4c02652_si_002.zip | X25: =IF(U25<>U24,P25,X24&"\t"&P25) -> https://acs.figshare.com/articles/dataset/Aryl_Borane_as_a_Catalyst_for_Dehydrative_Amide_Synthesis/28313122 | Y25: =IF(U25<>U26,$Y$1&" --pubDOI "& U25&" --dataDOI """&SUBSTITUTE(U25&X25&"""","https://doi.org/",""),"") -> --localSource c:/temp/acs2/data --targetDir c:/temp/acs2/$DOI$ --noDownload --readOnly --pubDOI https://doi.org/10.1021/acs.joc.4c02652 --dataDOI "10.1021/acs.joc.4c02652https://acs.figshare.com/articles/dataset/Aryl_Borane_as_a_Catalyst_for_Dehydrative_Amide_Synthesis/28313122" | Z25: ="<br><a href="""&Q25&""">"&Q25&"</a>" -> <br><a href="https://doi.org/10.1021/acs.joc.4c02652.s002">https://doi.org/10.1021/acs.joc.4c02652.s002</a> | AA25: =IF(AB25="","",MID(AB25,1,LEN(AB25)-4)&".zip") -> jo5c02123_si_002.zip | AB25: jo5c02123_si_002.xyz
A26: 25 | B26: =V26 -> jo4c02669 | C26: =IF(Y26="","",IF(OR(O26,F26=1,M26=""),"#"&B26 &" "&G26,B26&IF(G26="",""," # " &G26))) -> jo4c02669 | D26: =IF(F26=1,"",IF(AND(D25="",S25=S26),"",S26-SUM(F$2:F25))) -> 12 | E26: =IF(B26=B25,"1","0") -> 0 | F26: 0 | H26: 7 | I26: 27 | M26: =IF(OR(O26,D26=""),"","/*"&D26&" " & B26 &" */"""&Q26&""",//"&T26) -> /*12 jo4c02669 */"https://doi.org/10.1021/acs.joc.4c02669.s001",//Controlling the Symmetry of Perylene Derivatives via Selective ortho-Borylation | N26: =VLOOKUP(W26,AA:AB,2,FALSE) -> #N/A | O26: =NOT(ISNA(VLOOKUP(W26,AA:AA,1,FALSE))) -> FALSE | P26: https://acs.figshare.com/articles/dataset/Controlling_the_Symmetry_of_Perylene_Derivatives_via_Selective_i_ortho_i_-Borylation/28504775 | Q26: https://doi.org/10.1021/acs.joc.4c02669.s001 | R26: =MID(Q26,LEN(Q26)-2,4) -> 001 | S26: =IF(U26=U25,S25,S25+1) -> 14 | T26: =VLOOKUP(Q26,original!B:C,2,FALSE) -> Controlling the Symmetry of Perylene Derivatives via Selective ortho-Borylation | U26: https://doi.org/10.1021/acs.joc.4c02669 | V26: =SUBSTITUTE(SUBSTITUTE(MID(U26,LEN(U26)-8,100),"c.","jo"),"t.","ol") -> jo4c02669 | W26: =B26&"_si_"&R26&".zip" -> jo4c02669_si_001.zip | X26: =IF(U26<>U25,P26,X25&"\t"&P26) -> https://acs.figshare.com/articles/dataset/Controlling_the_Symmetry_of_Perylene_Derivatives_via_Selective_i_ortho_i_-Borylation/28504775 | Y26: =IF(U26<>U27,$Y$1&" --pubDOI "& U26&" --dataDOI """&SUBSTITUTE(U26&X26&"""","https://doi.org/",""),"") -> --localSource c:/temp/acs2/data --targetDir c:/temp/acs2/$DOI$ --noDownload --readOnly --pubDOI https://doi.org/10.1021/acs.joc.4c02669 --dataDOI "10.1021/acs.joc.4c02669https://acs.figshare.com/articles/dataset/Controlling_the_Symmetry_of_Perylene_Derivatives_via_Selective_i_ortho_i_-Borylation/28504775" | Z26: ="<br><a href="""&Q26&""">"&Q26&"</a>" -> <br><a href="https://doi.org/10.1021/acs.joc.4c02669.s001">https://doi.org/10.1021/acs.joc.4c02669.s001</a> | AA26: =IF(AB26="","",MID(AB26,1,LEN(AB26)-4)&".zip") -> jo5c02404_si_002.zip | AB26: jo5c02404_si_002.xyz
A27: 26 | B27: =V27 -> jo4c02676 | C27: =IF(Y27="","",IF(OR(O27,F27=1,M27=""),"#"&B27 &" "&G27,B27&IF(G27="",""," # " &G27))) -> #jo4c02676 XLS | D27: =IF(F27=1,"",IF(AND(D26="",S26=S27),"",S27-SUM(F$2:F26))) | E27: =IF(B27=B26,"1","0") -> 0 | F27: 1 | G27: XLS | M27: =IF(OR(O27,D27=""),"","/*"&D27&" " & B27 &" */"""&Q27&""",//"&T27) | N27: =VLOOKUP(W27,AA:AB,2,FALSE) -> jo4c02676_si_001.xls | O27: =NOT(ISNA(VLOOKUP(W27,AA:AA,1,FALSE))) -> TRUE | P27: https://acs.figshare.com/articles/dataset/Dehydrogenation_of_Aromatic_Alcohols_Aldehydes_and_Ketones_Catalyzed_by_Cu_I_Complexes/28395249 | Q27: https://doi.org/10.1021/acs.joc.4c02676.s001 | R27: =MID(Q27,LEN(Q27)-2,4) -> 001 | S27: =IF(U27=U26,S26,S26+1) -> 15 | T27: =VLOOKUP(Q27,original!B:C,2,FALSE) -> Dehydrogenation of Aromatic Alcohols, Aldehydes, and Ketones Catalyzed by Cu(I) Complexes | U27: https://doi.org/10.1021/acs.joc.4c02676 | V27: =SUBSTITUTE(SUBSTITUTE(MID(U27,LEN(U27)-8,100),"c.","jo"),"t.","ol") -> jo4c02676 | W27: =B27&"_si_"&R27&".zip" -> jo4c02676_si_001.zip | X27: =IF(U27<>U26,P27,X26&"\t"&P27) -> https://acs.figshare.com/articles/dataset/Dehydrogenation_of_Aromatic_Alcohols_Aldehydes_and_Ketones_Catalyzed_by_Cu_I_Complexes/28395249 | Y27: =IF(U27<>U28,$Y$1&" --pubDOI "& U27&" --dataDOI """&SUBSTITUTE(U27&X27&"""","https://doi.org/",""),"") -> --localSource c:/temp/acs2/data --targetDir c:/temp/acs2/$DOI$ --noDownload --readOnly --pubDOI https://doi.org/10.1021/acs.joc.4c02676 --dataDOI "10.1021/acs.joc.4c02676https://acs.figshare.com/articles/dataset/Dehydrogenation_of_Aromatic_Alcohols_Aldehydes_and_Ketones_Catalyzed_by_Cu_I_Complexes/28395249" | Z27: ="<br><a href="""&Q27&""">"&Q27&"</a>" -> <br><a href="https://doi.org/10.1021/acs.joc.4c02676.s001">https://doi.org/10.1021/acs.joc.4c02676.s001</a> | AA27: =IF(AB27="","",MID(AB27,1,LEN(AB27)-4)&".zip") -> jo5c02410_si_002.zip | AB27: jo5c02410_si_002.xyz
A28: 27 | B28: =V28 -> jo4c02689 | C28: =IF(Y28="","",IF(OR(O28,F28=1,M28=""),"#"&B28 &" "&G28,B28&IF(G28="",""," # " &G28))) | D28: =IF(F28=1,"",IF(AND(D27="",S27=S28),"",S28-SUM(F$2:F27))) -> 13 | E28: =IF(B28=B27,"1","0") -> 0 | F28: 0 | M28: =IF(OR(O28,D28=""),"","/*"&D28&" " & B28 &" */"""&Q28&""",//"&T28) -> /*13 jo4c02689 */"https://doi.org/10.1021/acs.joc.4c02689.s001",//Uncommon Diterpenoids with Diverse Frameworks from the South China Sea Sponge Spongia officinalis and Their Anti-inflammatory Activities | N28: =VLOOKUP(W28,AA:AB,2,FALSE) -> #N/A | O28: =NOT(ISNA(VLOOKUP(W28,AA:AA,1,FALSE))) -> FALSE | P28: https://acs.figshare.com/articles/dataset/Uncommon_Diterpenoids_with_Diverse_Frameworks_from_the_South_China_Sea_Sponge_i_Spongia_officinalis_i_and_Their_Anti-inflammatory_Activities/28270623 | Q28: https://doi.org/10.1021/acs.joc.4c02689.s001 | R28: =MID(Q28,LEN(Q28)-2,4) -> 001 | S28: =IF(U28=U27,S27,S27+1) -> 16 | T28: =VLOOKUP(Q28,original!B:C,2,FALSE) -> Uncommon Diterpenoids with Diverse Frameworks from the South China Sea Sponge Spongia officinalis and Their Anti-inflammatory Activities | U28: https://doi.org/10.1021/acs.joc.4c02689 | V28: =SUBSTITUTE(SUBSTITUTE(MID(U28,LEN(U28)-8,100),"c.","jo"),"t.","ol") -> jo4c02689 | W28: =B28&"_si_"&R28&".zip" -> jo4c02689_si_001.zip | X28: =IF(U28<>U27,P28,X27&"\t"&P28) -> https://acs.figshare.com/articles/dataset/Uncommon_Diterpenoids_with_Diverse_Frameworks_from_the_South_China_Sea_Sponge_i_Spongia_officinalis_i_and_Their_Anti-inflammatory_Activities/28270623 | Y28: =IF(U28<>U29,$Y$1&" --pubDOI "& U28&" --dataDOI """&SUBSTITUTE(U28&X28&"""","https://doi.org/",""),"") | Z28: ="<br><a href="""&Q28&""">"&Q28&"</a>" -> <br><a href="https://doi.org/10.1021/acs.joc.4c02689.s001">https://doi.org/10.1021/acs.joc.4c02689.s001</a> | AA28: =IF(AB28="","",MID(AB28,1,LEN(AB28)-4)&".zip") -> jo5c02438_si_002.zip | AB28: jo5c02438_si_002.xls
A29: 28 | B29: =V29 -> jo4c02689 | C29: =IF(Y29="","",IF(OR(O29,F29=1,M29=""),"#"&B29 &" "&G29,B29&IF(G29="",""," # " &G29))) | D29: =IF(F29=1,"",IF(AND(D28="",S28=S29),"",S29-SUM(F$2:F28))) -> 13 | E29: =IF(B29=B28,"1","0") -> 1 | F29: 0 | M29: =IF(OR(O29,D29=""),"","/*"&D29&" " & B29 &" */"""&Q29&""",//"&T29) -> /*13 jo4c02689 */"https://doi.org/10.1021/acs.joc.4c02689.s002",//Uncommon Diterpenoids with Diverse Frameworks from the South China Sea Sponge <i>Spongia officinalis</i> and Their Anti-inflammatory Activities | N29: =VLOOKUP(W29,AA:AB,2,FALSE) -> #N/A | O29: =NOT(ISNA(VLOOKUP(W29,AA:AA,1,FALSE))) -> FALSE | P29: https://acs.figshare.com/articles/dataset/Uncommon_Diterpenoids_with_Diverse_Frameworks_from_the_South_China_Sea_Sponge_i_Spongia_officinalis_i_and_Their_Anti-inflammatory_Activities/28270626 | Q29: https://doi.org/10.1021/acs.joc.4c02689.s002 | R29: =MID(Q29,LEN(Q29)-2,4) -> 002 | S29: =IF(U29=U28,S28,S28+1) -> 16 | T29: =VLOOKUP(Q29,original!B:C,2,FALSE) -> Uncommon Diterpenoids with Diverse Frameworks from the South China Sea Sponge <i>Spongia officinalis</i> and Their Anti-inflammatory Activities | U29: https://doi.org/10.1021/acs.joc.4c02689 | V29: =SUBSTITUTE(SUBSTITUTE(MID(U29,LEN(U29)-8,100),"c.","jo"),"t.","ol") -> jo4c02689 | W29: =B29&"_si_"&R29&".zip" -> jo4c02689_si_002.zip | X29: =IF(U29<>U28,P29,X28&"\t"&P29) -> https://acs.figshare.com/articles/dataset/Uncommon_Diterpenoids_with_Diverse_Frameworks_from_the_South_China_Sea_Sponge_i_Spongia_officinalis_i_and_Their_Anti-inflammatory_Activities/28270623\thttps://acs.figshare.com/articles/dataset/Uncommon_Diterpenoids_with_Diverse_Frameworks_from_the_South_China_Sea_Sponge_i_Spongia_officinalis_i_and_Their_Anti-inflammatory_Activities/28270626 | Y29: =IF(U29<>U30,$Y$1&" --pubDOI "& U29&" --dataDOI """&SUBSTITUTE(U29&X29&"""","https://doi.org/",""),"") | Z29: ="<br><a href="""&Q29&""">"&Q29&"</a>" -> <br><a href="https://doi.org/10.1021/acs.joc.4c02689.s002">https://doi.org/10.1021/acs.joc.4c02689.s002</a> | AA29: =IF(AB29="","",MID(AB29,1,LEN(AB29)-4)&".zip") -> jo5c02577_si_001.zip | AB29: jo5c02577_si_001.pdb
A30: 29 | B30: =V30 -> jo4c02689 | C30: =IF(Y30="","",IF(OR(O30,F30=1,M30=""),"#"&B30 &" "&G30,B30&IF(G30="",""," # " &G30))) | D30: =IF(F30=1,"",IF(AND(D29="",S29=S30),"",S30-SUM(F$2:F29))) -> 13 | E30: =IF(B30=B29,"1","0") -> 1 | F30: 0 | M30: =IF(OR(O30,D30=""),"","/*"&D30&" " & B30 &" */"""&Q30&""",//"&T30) -> /*13 jo4c02689 */"https://doi.org/10.1021/acs.joc.4c02689.s003",//Uncommon Diterpenoids with Diverse Frameworks from the South China Sea Sponge Spongia officinalis and Their Anti-inflammatory Activities | N30: =VLOOKUP(W30,AA:AB,2,FALSE) -> #N/A | O30: =NOT(ISNA(VLOOKUP(W30,AA:AA,1,FALSE))) -> FALSE | P30: https://acs.figshare.com/articles/dataset/Uncommon_Diterpenoids_with_Diverse_Frameworks_from_the_South_China_Sea_Sponge_i_Spongia_officinalis_i_and_Their_Anti-inflammatory_Activities/28270629 | Q30: https://doi.org/10.1021/acs.joc.4c02689.s003 | R30: =MID(Q30,LEN(Q30)-2,4) -> 003 | S30: =IF(U30=U29,S29,S29+1) -> 16 | T30: =VLOOKUP(Q30,original!B:C,2,FALSE) -> Uncommon Diterpenoids with Diverse Frameworks from the South China Sea Sponge Spongia officinalis and Their Anti-inflammatory Activities | U30: https://doi.org/10.1021/acs.joc.4c02689 | V30: =SUBSTITUTE(SUBSTITUTE(MID(U30,LEN(U30)-8,100),"c.","jo"),"t.","ol") -> jo4c02689 | W30: =B30&"_si_"&R30&".zip" -> jo4c02689_si_003.zip | X30: =IF(U30<>U29,P30,X29&"\t"&P30) -> https://acs.figshare.com/articles/dataset/Uncommon_Diterpenoids_with_Diverse_Frameworks_from_the_South_China_Sea_Sponge_i_Spongia_officinalis_i_and_Their_Anti-inflammatory_Activities/28270623\thttps://acs.figshare.com/articles/dataset/Uncommon_Diterpenoids_with_Diverse_Frameworks_from_the_South_China_Sea_Sponge_i_Spongia_officinalis_i_and_Their_Anti-inflammatory_Activities/28270626\thttps://acs.figshare.com/articles/dataset/Uncommon_Diterpenoids_with_Diverse_Frameworks_from_the_South_China_Sea_Sponge_i_Spongia_officinalis_i_and_Their_Anti-inflammatory_Activities/28270629 | Y30: =IF(U30<>U31,$Y$1&" --pubDOI "& U30&" --dataDOI """&SUBSTITUTE(U30&X30&"""","https://doi.org/",""),"") | Z30: ="<br><a href="""&Q30&""">"&Q30&"</a>" -> <br><a href="https://doi.org/10.1021/acs.joc.4c02689.s003">https://doi.org/10.1021/acs.joc.4c02689.s003</a> | AA30: =IF(AB30="","",MID(AB30,1,LEN(AB30)-4)&".zip") -> jo5c02577_si_002.zip | AB30: jo5c02577_si_002.pdb
A31: 30 | B31: =V31 -> jo4c02689 | C31: =IF(Y31="","",IF(OR(O31,F31=1,M31=""),"#"&B31 &" "&G31,B31&IF(G31="",""," # " &G31))) -> jo4c02689 | D31: =IF(F31=1,"",IF(AND(D30="",S30=S31),"",S31-SUM(F$2:F30))) -> 13 | E31: =IF(B31=B30,"1","0") -> 1 | F31: 0 | H31: 23 | I31: 25 | M31: =IF(OR(O31,D31=""),"","/*"&D31&" " & B31 &" */"""&Q31&""",//"&T31) -> /*13 jo4c02689 */"https://doi.org/10.1021/acs.joc.4c02689.s004",//Uncommon Diterpenoids with Diverse Frameworks from the South China Sea Sponge Spongia officinalis and Their Anti-inflammatory Activities | N31: =VLOOKUP(W31,AA:AB,2,FALSE) -> #N/A | O31: =NOT(ISNA(VLOOKUP(W31,AA:AA,1,FALSE))) -> FALSE | P31: https://acs.figshare.com/articles/dataset/Uncommon_Diterpenoids_with_Diverse_Frameworks_from_the_South_China_Sea_Sponge_i_Spongia_officinalis_i_and_Their_Anti-inflammatory_Activities/28270632 | Q31: https://doi.org/10.1021/acs.joc.4c02689.s004 | R31: =MID(Q31,LEN(Q31)-2,4) -> 004 | S31: =IF(U31=U30,S30,S30+1) -> 16 | T31: =VLOOKUP(Q31,original!B:C,2,FALSE) -> Uncommon Diterpenoids with Diverse Frameworks from the South China Sea Sponge Spongia officinalis and Their Anti-inflammatory Activities | U31: https://doi.org/10.1021/acs.joc.4c02689 | V31: =SUBSTITUTE(SUBSTITUTE(MID(U31,LEN(U31)-8,100),"c.","jo"),"t.","ol") -> jo4c02689 | W31: =B31&"_si_"&R31&".zip" -> jo4c02689_si_004.zip | X31: =IF(U31<>U30,P31,X30&"\t"&P31) -> https://acs.figshare.com/articles/dataset/Uncommon_Diterpenoids_with_Diverse_Frameworks_from_the_South_China_Sea_Sponge_i_Spongia_officinalis_i_and_Their_Anti-inflammatory_Activities/28270623\thttps://acs.figshare.com/articles/dataset/Uncommon_Diterpenoids_with_Diverse_Frameworks_from_the_South_China_Sea_Sponge_i_Spongia_officinalis_i_and_Their_Anti-inflammatory_Activities/28270626\thttps://acs.figshare.com/articles/dataset/Uncommon_Diterpenoids_with_Diverse_Frameworks_from_the_South_China_Sea_Sponge_i_Spongia_officinalis_i_and_Their_Anti-inflammatory_Activities/28270629\thttps://acs.figshare.com/articles/dataset/Uncommon_Diterpenoids_with_Diverse_Frameworks_from_the_South_China_Sea_Sponge_i_Spongia_officinalis_i_and_Their_Anti-inflammatory_Activities/28270632 | Y31: =IF(U31<>U32,$Y$1&" --pubDOI "& U31&" --dataDOI """&SUBSTITUTE(U31&X31&"""","https://doi.org/",""),"") -> --localSource c:/temp/acs2/data --targetDir c:/temp/acs2/$DOI$ --noDownload --readOnly --pubDOI https://doi.org/10.1021/acs.joc.4c02689 --dataDOI "10.1021/acs.joc.4c02689https://acs.figshare.com/articles/dataset/Uncommon_Diterpenoids_with_Diverse_Frameworks_from_the_South_China_Sea_Sponge_i_Spongia_officinalis_i_and_Their_Anti-inflammatory_Activities/28270623\thttps://acs.figshare.com/articles/dataset/Uncommon_Diterpenoids_with_Diverse_Frameworks_from_the_South_China_Sea_Sponge_i_Spongia_officinalis_i_and_Their_Anti-inflammatory_Activities/28270626\thttps://acs.figshare.com/articles/dataset/Uncommon_Diterpenoids_with_Diverse_Frameworks_from_the_South_China_Sea_Sponge_i_Spongia_officinalis_i_and_Their_Anti-inflammatory_Activities/28270629\thttps://acs.figshare.com/articles/dataset/Uncommon_Diterpenoids_with_Diverse_Frameworks_from_the_South_China_Sea_Sponge_i_Spongia_officinalis_i_and_Their_Anti-inflammatory_Activities/28270632" | Z31: ="<br><a href="""&Q31&""">"&Q31&"</a>" -> <br><a href="https://doi.org/10.1021/acs.joc.4c02689.s004">https://doi.org/10.1021/acs.joc.4c02689.s004</a> | AA31: =IF(AB31="","",MID(AB31,1,LEN(AB31)-4)&".zip") -> jo5c02577_si_003.zip | AB31: jo5c02577_si_003.pdb
A32: 31 | B32: =V32 -> jo4c02691 | C32: =IF(Y32="","",IF(OR(O32,F32=1,M32=""),"#"&B32 &" "&G32,B32&IF(G32="",""," # " &G32))) -> jo4c02691 | D32: =IF(F32=1,"",IF(AND(D31="",S31=S32),"",S32-SUM(F$2:F31))) -> 14 | E32: =IF(B32=B31,"1","0") -> 0 | F32: 0 | H32: 76 | I32: 160 | J32: 1 | M32: =IF(OR(O32,D32=""),"","/*"&D32&" " & B32 &" */"""&Q32&""",//"&T32) -> /*14 jo4c02691 */"https://doi.org/10.1021/acs.joc.4c02691.s002",//Thiazoles via Formal [4 + 1] of NaSH to (Z)‑Bromoisocyanoalkenes | N32: =VLOOKUP(W32,AA:AB,2,FALSE) -> #N/A | O32: =NOT(ISNA(VLOOKUP(W32,AA:AA,1,FALSE))) -> FALSE | P32: https://acs.figshare.com/articles/dataset/Thiazoles_via_Formal_4_1_of_NaSH_to_i_Z_i_Bromoisocyanoalkenes/28641662 | Q32: https://doi.org/10.1021/acs.joc.4c02691.s002 | R32: =MID(Q32,LEN(Q32)-2,4) -> 002 | S32: =IF(U32=U31,S31,S31+1) -> 17 | T32: =VLOOKUP(Q32,original!B:C,2,FALSE) -> Thiazoles via Formal [4 + 1] of NaSH to (Z)‑Bromoisocyanoalkenes | U32: https://doi.org/10.1021/acs.joc.4c02691 | V32: =SUBSTITUTE(SUBSTITUTE(MID(U32,LEN(U32)-8,100),"c.","jo"),"t.","ol") -> jo4c02691 | W32: =B32&"_si_"&R32&".zip" -> jo4c02691_si_002.zip | X32: =IF(U32<>U31,P32,X31&"\t"&P32) -> https://acs.figshare.com/articles/dataset/Thiazoles_via_Formal_4_1_of_NaSH_to_i_Z_i_Bromoisocyanoalkenes/28641662 | Y32: =IF(U32<>U33,$Y$1&" --pubDOI "& U32&" --dataDOI """&SUBSTITUTE(U32&X32&"""","https://doi.org/",""),"") -> --localSource c:/temp/acs2/data --targetDir c:/temp/acs2/$DOI$ --noDownload --readOnly --pubDOI https://doi.org/10.1021/acs.joc.4c02691 --dataDOI "10.1021/acs.joc.4c02691https://acs.figshare.com/articles/dataset/Thiazoles_via_Formal_4_1_of_NaSH_to_i_Z_i_Bromoisocyanoalkenes/28641662" | Z32: ="<br><a href="""&Q32&""">"&Q32&"</a>" -> <br><a href="https://doi.org/10.1021/acs.joc.4c02691.s002">https://doi.org/10.1021/acs.joc.4c02691.s002</a> | AA32: =IF(AB32="","",MID(AB32,1,LEN(AB32)-4)&".zip") -> jo5c02700_si_002.zip | AB32: jo5c02700_si_002.xyz
A33: 32 | B33: =V33 -> jo4c02715 | C33: =IF(Y33="","",IF(OR(O33,F33=1,M33=""),"#"&B33 &" "&G33,B33&IF(G33="",""," # " &G33))) -> jo4c02715 | D33: =IF(F33=1,"",IF(AND(D32="",S32=S33),"",S33-SUM(F$2:F32))) -> 15 | E33: =IF(B33=B32,"1","0") -> 0 | F33: 0 | H33: 7 | I33: 14 | M33: =IF(OR(O33,D33=""),"","/*"&D33&" " & B33 &" */"""&Q33&""",//"&T33) -> /*15 jo4c02715 */"https://doi.org/10.1021/acs.joc.4c02715.s002",//From Pseudocyclic to Macrocyclic Ionophores: Strategies toward the Synthesis of Cyclic Monensin Derivatives | N33: =VLOOKUP(W33,AA:AB,2,FALSE) -> #N/A | O33: =NOT(ISNA(VLOOKUP(W33,AA:AA,1,FALSE))) -> FALSE | P33: https://acs.figshare.com/articles/dataset/From_Pseudocyclic_to_Macrocyclic_Ionophores_Strategies_toward_the_Synthesis_of_Cyclic_Monensin_Derivatives/28182897 | Q33: https://doi.org/10.1021/acs.joc.4c02715.s002 | R33: =MID(Q33,LEN(Q33)-2,4) -> 002 | S33: =IF(U33=U32,S32,S32+1) -> 18 | T33: =VLOOKUP(Q33,original!B:C,2,FALSE) -> From Pseudocyclic to Macrocyclic Ionophores: Strategies toward the Synthesis of Cyclic Monensin Derivatives | U33: https://doi.org/10.1021/acs.joc.4c02715 | V33: =SUBSTITUTE(SUBSTITUTE(MID(U33,LEN(U33)-8,100),"c.","jo"),"t.","ol") -> jo4c02715 | W33: =B33&"_si_"&R33&".zip" -> jo4c02715_si_002.zip | X33: =IF(U33<>U32,P33,X32&"\t"&P33) -> https://acs.figshare.com/articles/dataset/From_Pseudocyclic_to_Macrocyclic_Ionophores_Strategies_toward_the_Synthesis_of_Cyclic_Monensin_Derivatives/28182897 | Y33: =IF(U33<>U34,$Y$1&" --pubDOI "& U33&" --dataDOI """&SUBSTITUTE(U33&X33&"""","https://doi.org/",""),"") -> --localSource c:/temp/acs2/data --targetDir c:/temp/acs2/$DOI$ --noDownload --readOnly --pubDOI https://doi.org/10.1021/acs.joc.4c02715 --dataDOI "10.1021/acs.joc.4c02715https://acs.figshare.com/articles/dataset/From_Pseudocyclic_to_Macrocyclic_Ionophores_Strategies_toward_the_Synthesis_of_Cyclic_Monensin_Derivatives/28182897" | Z33: ="<br><a href="""&Q33&""">"&Q33&"</a>" -> <br><a href="https://doi.org/10.1021/acs.joc.4c02715.s002">https://doi.org/10.1021/acs.joc.4c02715.s002</a> | AA33: =IF(AB33="","",MID(AB33,1,LEN(AB33)-4)&".zip") -> ol4c04767_si_002.zip | AB33: ol4c04767_si_002.xls
A34: 33 | B34: =V34 -> jo4c02737 | C34: =IF(Y34="","",IF(OR(O34,F34=1,M34=""),"#"&B34 &" "&G34,B34&IF(G34="",""," # " &G34))) -> jo4c02737 | D34: =IF(F34=1,"",IF(AND(D33="",S33=S34),"",S34-SUM(F$2:F33))) -> 16 | E34: =IF(B34=B33,"1","0") -> 0 | F34: 0 | H34: 35 | I34: 69 | M34: =IF(OR(O34,D34=""),"","/*"&D34&" " & B34 &" */"""&Q34&""",//"&T34) -> /*16 jo4c02737 */"https://doi.org/10.1021/acs.joc.4c02737.s002",//Photooxidation and Cleavage of Ethynylated 9,10-Dimethoxyanthracenes with Acid-Labile Ether Bonds | N34: =VLOOKUP(W34,AA:AB,2,FALSE) -> #N/A | O34: =NOT(ISNA(VLOOKUP(W34,AA:AA,1,FALSE))) -> FALSE | P34: https://acs.figshare.com/articles/dataset/Photooxidation_and_Cleavage_of_Ethynylated_9_10-Dimethoxyanthracenes_with_Acid-Labile_Ether_Bonds/28297095 | Q34: https://doi.org/10.1021/acs.joc.4c02737.s002 | R34: =MID(Q34,LEN(Q34)-2,4) -> 002 | S34: =IF(U34=U33,S33,S33+1) -> 19 | T34: =VLOOKUP(Q34,original!B:C,2,FALSE) -> Photooxidation and Cleavage of Ethynylated 9,10-Dimethoxyanthracenes with Acid-Labile Ether Bonds | U34: https://doi.org/10.1021/acs.joc.4c02737 | V34: =SUBSTITUTE(SUBSTITUTE(MID(U34,LEN(U34)-8,100),"c.","jo"),"t.","ol") -> jo4c02737 | W34: =B34&"_si_"&R34&".zip" -> jo4c02737_si_002.zip | X34: =IF(U34<>U33,P34,X33&"\t"&P34) -> https://acs.figshare.com/articles/dataset/Photooxidation_and_Cleavage_of_Ethynylated_9_10-Dimethoxyanthracenes_with_Acid-Labile_Ether_Bonds/28297095 | Y34: =IF(U34<>U35,$Y$1&" --pubDOI "& U34&" --dataDOI """&SUBSTITUTE(U34&X34&"""","https://doi.org/",""),"") -> --localSource c:/temp/acs2/data --targetDir c:/temp/acs2/$DOI$ --noDownload --readOnly --pubDOI https://doi.org/10.1021/acs.joc.4c02737 --dataDOI "10.1021/acs.joc.4c02737https://acs.figshare.com/articles/dataset/Photooxidation_and_Cleavage_of_Ethynylated_9_10-Dimethoxyanthracenes_with_Acid-Labile_Ether_Bonds/28297095" | Z34: ="<br><a href="""&Q34&""">"&Q34&"</a>" -> <br><a href="https://doi.org/10.1021/acs.joc.4c02737.s002">https://doi.org/10.1021/acs.joc.4c02737.s002</a> | AA34: =IF(AB34="","",MID(AB34,1,LEN(AB34)-4)&".zip") -> ol5c01902_si_002.zip | AB34: ol5c01902_si_002.xyz
A35: 34 | B35: =V35 -> jo4c02787 | C35: =IF(Y35="","",IF(OR(O35,F35=1,M35=""),"#"&B35 &" "&G35,B35&IF(G35="",""," # " &G35))) -> jo4c02787 | D35: =IF(F35=1,"",IF(AND(D34="",S34=S35),"",S35-SUM(F$2:F34))) -> 17 | E35: =IF(B35=B34,"1","0") -> 0 | F35: 0 | H35: 112 | I35: 113 | M35: =IF(OR(O35,D35=""),"","/*"&D35&" " & B35 &" */"""&Q35&""",//"&T35) -> /*17 jo4c02787 */"https://doi.org/10.1021/acs.joc.4c02787.s002",//Annulative Coupling of Sulfoxonium Ylides with Aldehydes and Naphthols or Coumarins: Easy Access to Fused Dihydrofurans | N35: =VLOOKUP(W35,AA:AB,2,FALSE) -> #N/A | O35: =NOT(ISNA(VLOOKUP(W35,AA:AA,1,FALSE))) -> FALSE | P35: https://acs.figshare.com/articles/dataset/Annulative_Coupling_of_Sulfoxonium_Ylides_with_Aldehydes_and_Naphthols_or_Coumarins_Easy_Access_to_Fused_Dihydrofurans/28228988 | Q35: https://doi.org/10.1021/acs.joc.4c02787.s002 | R35: =MID(Q35,LEN(Q35)-2,4) -> 002 | S35: =IF(U35=U34,S34,S34+1) -> 20 | T35: =VLOOKUP(Q35,original!B:C,2,FALSE) -> Annulative Coupling of Sulfoxonium Ylides with Aldehydes and Naphthols or Coumarins: Easy Access to Fused Dihydrofurans | U35: https://doi.org/10.1021/acs.joc.4c02787 | V35: =SUBSTITUTE(SUBSTITUTE(MID(U35,LEN(U35)-8,100),"c.","jo"),"t.","ol") -> jo4c02787 | W35: =B35&"_si_"&R35&".zip" -> jo4c02787_si_002.zip | X35: =IF(U35<>U34,P35,X34&"\t"&P35) -> https://acs.figshare.com/articles/dataset/Annulative_Coupling_of_Sulfoxonium_Ylides_with_Aldehydes_and_Naphthols_or_Coumarins_Easy_Access_to_Fused_Dihydrofurans/28228988 | Y35: =IF(U35<>U36,$Y$1&" --pubDOI "& U35&" --dataDOI """&SUBSTITUTE(U35&X35&"""","https://doi.org/",""),"") -> --localSource c:/temp/acs2/data --targetDir c:/temp/acs2/$DOI$ --noDownload --readOnly --pubDOI https://doi.org/10.1021/acs.joc.4c02787 --dataDOI "10.1021/acs.joc.4c02787https://acs.figshare.com/articles/dataset/Annulative_Coupling_of_Sulfoxonium_Ylides_with_Aldehydes_and_Naphthols_or_Coumarins_Easy_Access_to_Fused_Dihydrofurans/28228988" | Z35: ="<br><a href="""&Q35&""">"&Q35&"</a>" -> <br><a href="https://doi.org/10.1021/acs.joc.4c02787.s002">https://doi.org/10.1021/acs.joc.4c02787.s002</a> | AA35: =IF(AB35="","",MID(AB35,1,LEN(AB35)-4)&".zip") -> ol5c01955_si_002.zip | AB35: ol5c01955_si_002.xls
A36: 35 | B36: =V36 -> jo4c02834 | C36: =IF(Y36="","",IF(OR(O36,F36=1,M36=""),"#"&B36 &" "&G36,B36&IF(G36="",""," # " &G36))) -> jo4c02834 | D36: =IF(F36=1,"",IF(AND(D35="",S35=S36),"",S36-SUM(F$2:F35))) -> 18 | E36: =IF(B36=B35,"1","0") -> 0 | F36: 0 | M36: =IF(OR(O36,D36=""),"","/*"&D36&" " & B36 &" */"""&Q36&""",//"&T36) -> /*18 jo4c02834 */"https://doi.org/10.1021/acs.joc.4c02834.s001",//Multicomponent Tf2O‑Triggered Dearomative Triazinylmethylation of Isoquinolines Using Acetonitrile | N36: =VLOOKUP(W36,AA:AB,2,FALSE) -> #N/A | O36: =NOT(ISNA(VLOOKUP(W36,AA:AA,1,FALSE))) -> FALSE | P36: https://acs.figshare.com/articles/dataset/Multicomponent_Tf_sub_2_sub_O_Triggered_Dearomative_Triazinylmethylation_of_Isoquinolines_Using_Acetonitrile/28409303 | Q36: https://doi.org/10.1021/acs.joc.4c02834.s001 | R36: =MID(Q36,LEN(Q36)-2,4) -> 001 | S36: =IF(U36=U35,S35,S35+1) -> 21 | T36: =VLOOKUP(Q36,original!B:C,2,FALSE) -> Multicomponent Tf2O‑Triggered Dearomative Triazinylmethylation of Isoquinolines Using Acetonitrile | U36: https://doi.org/10.1021/acs.joc.4c02834 | V36: =SUBSTITUTE(SUBSTITUTE(MID(U36,LEN(U36)-8,100),"c.","jo"),"t.","ol") -> jo4c02834 | W36: =B36&"_si_"&R36&".zip" -> jo4c02834_si_001.zip | X36: =IF(U36<>U35,P36,X35&"\t"&P36) -> https://acs.figshare.com/articles/dataset/Multicomponent_Tf_sub_2_sub_O_Triggered_Dearomative_Triazinylmethylation_of_Isoquinolines_Using_Acetonitrile/28409303 | Y36: =IF(U36<>U37,$Y$1&" --pubDOI "& U36&" --dataDOI """&SUBSTITUTE(U36&X36&"""","https://doi.org/",""),"") -> --localSource c:/temp/acs2/data --targetDir c:/temp/acs2/$DOI$ --noDownload --readOnly --pubDOI https://doi.org/10.1021/acs.joc.4c02834 --dataDOI "10.1021/acs.joc.4c02834https://acs.figshare.com/articles/dataset/Multicomponent_Tf_sub_2_sub_O_Triggered_Dearomative_Triazinylmethylation_of_Isoquinolines_Using_Acetonitrile/28409303" | Z36: ="<br><a href="""&Q36&""">"&Q36&"</a>" -> <br><a href="https://doi.org/10.1021/acs.joc.4c02834.s001">https://doi.org/10.1021/acs.joc.4c02834.s001</a> | AA36: =IF(AB36="","",MID(AB36,1,LEN(AB36)-4)&".zip") -> ol5c02414_si_002.zip | AB36: ol5c02414_si_002.xyz
A37: 36 | B37: =V37 -> jo4c02842 | C37: =IF(Y37="","",IF(OR(O37,F37=1,M37=""),"#"&B37 &" "&G37,B37&IF(G37="",""," # " &G37))) -> jo4c02842 | D37: =IF(F37=1,"",IF(AND(D36="",S36=S37),"",S37-SUM(F$2:F36))) -> 19 | E37: =IF(B37=B36,"1","0") -> 0 | F37: 0 | H37: 15 | I37: 30 | M37: =IF(OR(O37,D37=""),"","/*"&D37&" " & B37 &" */"""&Q37&""",//"&T37) -> /*19 jo4c02842 */"https://doi.org/10.1021/acs.joc.4c02842.s002",//One-Pot Alkynylation/Isomerization Cascade of β‑Formylated Enoates to Functionalized Ynones | N37: =VLOOKUP(W37,AA:AB,2,FALSE) -> #N/A | O37: =NOT(ISNA(VLOOKUP(W37,AA:AA,1,FALSE))) -> FALSE | P37: https://acs.figshare.com/articles/dataset/One-Pot_Alkynylation_Isomerization_Cascade_of_Formylated_Enoates_to_Functionalized_Ynones/28462438 | Q37: https://doi.org/10.1021/acs.joc.4c02842.s002 | R37: =MID(Q37,LEN(Q37)-2,4) -> 002 | S37: =IF(U37=U36,S36,S36+1) -> 22 | T37: =VLOOKUP(Q37,original!B:C,2,FALSE) -> One-Pot Alkynylation/Isomerization Cascade of β‑Formylated Enoates to Functionalized Ynones | U37: https://doi.org/10.1021/acs.joc.4c02842 | V37: =SUBSTITUTE(SUBSTITUTE(MID(U37,LEN(U37)-8,100),"c.","jo"),"t.","ol") -> jo4c02842 | W37: =B37&"_si_"&R37&".zip" -> jo4c02842_si_002.zip | X37: =IF(U37<>U36,P37,X36&"\t"&P37) -> https://acs.figshare.com/articles/dataset/One-Pot_Alkynylation_Isomerization_Cascade_of_Formylated_Enoates_to_Functionalized_Ynones/28462438 | Y37: =IF(U37<>U38,$Y$1&" --pubDOI "& U37&" --dataDOI """&SUBSTITUTE(U37&X37&"""","https://doi.org/",""),"") -> --localSource c:/temp/acs2/data --targetDir c:/temp/acs2/$DOI$ --noDownload --readOnly --pubDOI https://doi.org/10.1021/acs.joc.4c02842 --dataDOI "10.1021/acs.joc.4c02842https://acs.figshare.com/articles/dataset/One-Pot_Alkynylation_Isomerization_Cascade_of_Formylated_Enoates_to_Functionalized_Ynones/28462438" | Z37: ="<br><a href="""&Q37&""">"&Q37&"</a>" -> <br><a href="https://doi.org/10.1021/acs.joc.4c02842.s002">https://doi.org/10.1021/acs.joc.4c02842.s002</a> | AA37: =IF(AB37="","",MID(AB37,1,LEN(AB37)-4)&".zip") -> ol5c02624_si_001.zip | AB37: ol5c02624_si_001.xyz
A38: 37 | B38: =V38 -> jo4c02844 | C38: =IF(Y38="","",IF(OR(O38,F38=1,M38=""),"#"&B38 &" "&G38,B38&IF(G38="",""," # " &G38))) -> jo4c02844 | D38: =IF(F38=1,"",IF(AND(D37="",S37=S38),"",S38-SUM(F$2:F37))) -> 20 | E38: =IF(B38=B37,"1","0") -> 0 | F38: 0 | H38: 30 | I38: 30 | M38: =IF(OR(O38,D38=""),"","/*"&D38&" " & B38 &" */"""&Q38&""",//"&T38) -> /*20 jo4c02844 */"https://doi.org/10.1021/acs.joc.4c02844.s002",//Heteroarylstilbenes: Visible-Light-Tunable Photochromic Systems in Water | N38: =VLOOKUP(W38,AA:AB,2,FALSE) -> #N/A | O38: =NOT(ISNA(VLOOKUP(W38,AA:AA,1,FALSE))) -> FALSE | P38: https://acs.figshare.com/articles/dataset/Heteroarylstilbenes_Visible-Light-Tunable_Photochromic_Systems_in_Water/28633714 | Q38: https://doi.org/10.1021/acs.joc.4c02844.s002 | R38: =MID(Q38,LEN(Q38)-2,4) -> 002 | S38: =IF(U38=U37,S37,S37+1) -> 23 | T38: =VLOOKUP(Q38,original!B:C,2,FALSE) -> Heteroarylstilbenes: Visible-Light-Tunable Photochromic Systems in Water | U38: https://doi.org/10.1021/acs.joc.4c02844 | V38: =SUBSTITUTE(SUBSTITUTE(MID(U38,LEN(U38)-8,100),"c.","jo"),"t.","ol") -> jo4c02844 | W38: =B38&"_si_"&R38&".zip" -> jo4c02844_si_002.zip | X38: =IF(U38<>U37,P38,X37&"\t"&P38) -> https://acs.figshare.com/articles/dataset/Heteroarylstilbenes_Visible-Light-Tunable_Photochromic_Systems_in_Water/28633714 | Y38: =IF(U38<>U39,$Y$1&" --pubDOI "& U38&" --dataDOI """&SUBSTITUTE(U38&X38&"""","https://doi.org/",""),"") -> --localSource c:/temp/acs2/data --targetDir c:/temp/acs2/$DOI$ --noDownload --readOnly --pubDOI https://doi.org/10.1021/acs.joc.4c02844 --dataDOI "10.1021/acs.joc.4c02844https://acs.figshare.com/articles/dataset/Heteroarylstilbenes_Visible-Light-Tunable_Photochromic_Systems_in_Water/28633714" | Z38: ="<br><a href="""&Q38&""">"&Q38&"</a>" -> <br><a href="https://doi.org/10.1021/acs.joc.4c02844.s002">https://doi.org/10.1021/acs.joc.4c02844.s002</a> | AA38: =IF(AB38="","",MID(AB38,1,LEN(AB38)-4)&".zip") -> ol5c02659_si_001.zip | AB38: ol5c02659_si_001.xyz
A39: 38 | B39: =V39 -> jo4c02860 | C39: =IF(Y39="","",IF(OR(O39,F39=1,M39=""),"#"&B39 &" "&G39,B39&IF(G39="",""," # " &G39))) -> jo4c02860 | D39: =IF(F39=1,"",IF(AND(D38="",S38=S39),"",S39-SUM(F$2:F38))) -> 21 | E39: =IF(B39=B38,"1","0") -> 0 | F39: 0 | H39: 64 | I39: 133 | M39: =IF(OR(O39,D39=""),"","/*"&D39&" " & B39 &" */"""&Q39&""",//"&T39) -> /*21 jo4c02860 */"https://doi.org/10.1021/acs.joc.4c02860.s001",//Nickel-Catalyzed One-Pot H/D Exchange and Asymmetric Michael Addition in the Presence of D2O | N39: =VLOOKUP(W39,AA:AB,2,FALSE) -> #N/A | O39: =NOT(ISNA(VLOOKUP(W39,AA:AA,1,FALSE))) -> FALSE | P39: https://acs.figshare.com/articles/dataset/Nickel-Catalyzed_One-Pot_H_D_Exchange_and_Asymmetric_Michael_Addition_in_the_Presence_of_D_sub_2_sub_O/28652364 | Q39: https://doi.org/10.1021/acs.joc.4c02860.s001 | R39: =MID(Q39,LEN(Q39)-2,4) -> 001 | S39: =IF(U39=U38,S38,S38+1) -> 24 | T39: =VLOOKUP(Q39,original!B:C,2,FALSE) -> Nickel-Catalyzed One-Pot H/D Exchange and Asymmetric Michael Addition in the Presence of D2O | U39: https://doi.org/10.1021/acs.joc.4c02860 | V39: =SUBSTITUTE(SUBSTITUTE(MID(U39,LEN(U39)-8,100),"c.","jo"),"t.","ol") -> jo4c02860 | W39: =B39&"_si_"&R39&".zip" -> jo4c02860_si_001.zip | X39: =IF(U39<>U38,P39,X38&"\t"&P39) -> https://acs.figshare.com/articles/dataset/Nickel-Catalyzed_One-Pot_H_D_Exchange_and_Asymmetric_Michael_Addition_in_the_Presence_of_D_sub_2_sub_O/28652364 | Y39: =IF(U39<>U40,$Y$1&" --pubDOI "& U39&" --dataDOI """&SUBSTITUTE(U39&X39&"""","https://doi.org/",""),"") -> --localSource c:/temp/acs2/data --targetDir c:/temp/acs2/$DOI$ --noDownload --readOnly --pubDOI https://doi.org/10.1021/acs.joc.4c02860 --dataDOI "10.1021/acs.joc.4c02860https://acs.figshare.com/articles/dataset/Nickel-Catalyzed_One-Pot_H_D_Exchange_and_Asymmetric_Michael_Addition_in_the_Presence_of_D_sub_2_sub_O/28652364" | Z39: ="<br><a href="""&Q39&""">"&Q39&"</a>" -> <br><a href="https://doi.org/10.1021/acs.joc.4c02860.s001">https://doi.org/10.1021/acs.joc.4c02860.s001</a> | AA39: =IF(AB39="","",MID(AB39,1,LEN(AB39)-4)&".zip") -> ol5c02706_si_001.zip | AB39: ol5c02706_si_001.xyz
A40: 39 | B40: =V40 -> jo4c02893 | C40: =IF(Y40="","",IF(OR(O40,F40=1,M40=""),"#"&B40 &" "&G40,B40&IF(G40="",""," # " &G40))) -> jo4c02893 # fixed problems with 1[H].zip | D40: =IF(F40=1,"",IF(AND(D39="",S39=S40),"",S40-SUM(F$2:F39))) -> 22 | E40: =IF(B40=B39,"1","0") -> 0 | F40: 0 | G40: fixed problems with 1[H].zip | H40: 4 | I40: 16 | M40: =IF(OR(O40,D40=""),"","/*"&D40&" " & B40 &" */"""&Q40&""",//"&T40) -> /*22 jo4c02893 */"https://doi.org/10.1021/acs.joc.4c02893.s002",//A Photo-Smiles Rearrangement: Mechanistic Investigation of the Formation of Blatter Radical Helicenes | N40: =VLOOKUP(W40,AA:AB,2,FALSE) -> #N/A | O40: =NOT(ISNA(VLOOKUP(W40,AA:AA,1,FALSE))) -> FALSE | P40: https://acs.figshare.com/articles/dataset/A_Photo-Smiles_Rearrangement_Mechanistic_Investigation_of_the_Formation_of_Blatter_Radical_Helicenes/28356374 | Q40: https://doi.org/10.1021/acs.joc.4c02893.s002 | R40: =MID(Q40,LEN(Q40)-2,4) -> 002 | S40: =IF(U40=U39,S39,S39+1) -> 25 | T40: =VLOOKUP(Q40,original!B:C,2,FALSE) -> A Photo-Smiles Rearrangement: Mechanistic Investigation of the Formation of Blatter Radical Helicenes | U40: https://doi.org/10.1021/acs.joc.4c02893 | V40: =SUBSTITUTE(SUBSTITUTE(MID(U40,LEN(U40)-8,100),"c.","jo"),"t.","ol") -> jo4c02893 | W40: =B40&"_si_"&R40&".zip" -> jo4c02893_si_002.zip | X40: =IF(U40<>U39,P40,X39&"\t"&P40) -> https://acs.figshare.com/articles/dataset/A_Photo-Smiles_Rearrangement_Mechanistic_Investigation_of_the_Formation_of_Blatter_Radical_Helicenes/28356374 | Y40: =IF(U40<>U41,$Y$1&" --pubDOI "& U40&" --dataDOI """&SUBSTITUTE(U40&X40&"""","https://doi.org/",""),"") -> --localSource c:/temp/acs2/data --targetDir c:/temp/acs2/$DOI$ --noDownload --readOnly --pubDOI https://doi.org/10.1021/acs.joc.4c02893 --dataDOI "10.1021/acs.joc.4c02893https://acs.figshare.com/articles/dataset/A_Photo-Smiles_Rearrangement_Mechanistic_Investigation_of_the_Formation_of_Blatter_Radical_Helicenes/28356374" | Z40: ="<br><a href="""&Q40&""">"&Q40&"</a>" -> <br><a href="https://doi.org/10.1021/acs.joc.4c02893.s002">https://doi.org/10.1021/acs.joc.4c02893.s002</a> | AA40: =IF(AB40="","",MID(AB40,1,LEN(AB40)-4)&".zip") -> ol5c03358_si_002.zip | AB40: ol5c03358_si_002.xyz
A41: 40 | B41: =V41 -> jo4c02921 | C41: =IF(Y41="","",IF(OR(O41,F41=1,M41=""),"#"&B41 &" "&G41,B41&IF(G41="",""," # " &G41))) -> jo4c02921 | D41: =IF(F41=1,"",IF(AND(D40="",S40=S41),"",S41-SUM(F$2:F40))) -> 23 | E41: =IF(B41=B40,"1","0") -> 0 | F41: 0 | H41: 57 | I41: 191 | M41: =IF(OR(O41,D41=""),"","/*"&D41&" " & B41 &" */"""&Q41&""",//"&T41) -> /*23 jo4c02921 */"https://doi.org/10.1021/acs.joc.4c02921.s002",//Enantioselective Synthesis of Spirocyclic Isoxazolones Using a Conia-Ene Type Reaction | N41: =VLOOKUP(W41,AA:AB,2,FALSE) -> #N/A | O41: =NOT(ISNA(VLOOKUP(W41,AA:AA,1,FALSE))) -> FALSE | P41: https://acs.figshare.com/articles/dataset/Enantioselective_Synthesis_of_Spirocyclic_Isoxazolones_Using_a_Conia-Ene_Type_Reaction/28540143 | Q41: https://doi.org/10.1021/acs.joc.4c02921.s002 | R41: =MID(Q41,LEN(Q41)-2,4) -> 002 | S41: =IF(U41=U40,S40,S40+1) -> 26 | T41: =VLOOKUP(Q41,original!B:C,2,FALSE) -> Enantioselective Synthesis of Spirocyclic Isoxazolones Using a Conia-Ene Type Reaction | U41: https://doi.org/10.1021/acs.joc.4c02921 | V41: =SUBSTITUTE(SUBSTITUTE(MID(U41,LEN(U41)-8,100),"c.","jo"),"t.","ol") -> jo4c02921 | W41: =B41&"_si_"&R41&".zip" -> jo4c02921_si_002.zip | X41: =IF(U41<>U40,P41,X40&"\t"&P41) -> https://acs.figshare.com/articles/dataset/Enantioselective_Synthesis_of_Spirocyclic_Isoxazolones_Using_a_Conia-Ene_Type_Reaction/28540143 | Y41: =IF(U41<>U42,$Y$1&" --pubDOI "& U41&" --dataDOI """&SUBSTITUTE(U41&X41&"""","https://doi.org/",""),"") -> --localSource c:/temp/acs2/data --targetDir c:/temp/acs2/$DOI$ --noDownload --readOnly --pubDOI https://doi.org/10.1021/acs.joc.4c02921 --dataDOI "10.1021/acs.joc.4c02921https://acs.figshare.com/articles/dataset/Enantioselective_Synthesis_of_Spirocyclic_Isoxazolones_Using_a_Conia-Ene_Type_Reaction/28540143" | Z41: ="<br><a href="""&Q41&""">"&Q41&"</a>" -> <br><a href="https://doi.org/10.1021/acs.joc.4c02921.s002">https://doi.org/10.1021/acs.joc.4c02921.s002</a> | AA41: =IF(AB41="","",MID(AB41,1,LEN(AB41)-4)&".zip") -> ol5c03358_si_003.zip | AB41: ol5c03358_si_003.xyz
A42: 41 | B42: =V42 -> jo4c02967 | C42: =IF(Y42="","",IF(OR(O42,F42=1,M42=""),"#"&B42 &" "&G42,B42&IF(G42="",""," # " &G42))) -> jo4c02967 | D42: =IF(F42=1,"",IF(AND(D41="",S41=S42),"",S42-SUM(F$2:F41))) -> 24 | E42: =IF(B42=B41,"1","0") -> 0 | F42: 0 | H42: 9 | I42: 17 | M42: =IF(OR(O42,D42=""),"","/*"&D42&" " & B42 &" */"""&Q42&""",//"&T42) -> /*24 jo4c02967 */"https://doi.org/10.1021/acs.joc.4c02967.s002",//Vicinal Thiosulfonylation of ortho-(Alkynyl)benzyl Thiosulfonates/Sulfurothioates for Direct Synthesis of Sulfonyl-Derived Isothiochromenes | N42: =VLOOKUP(W42,AA:AB,2,FALSE) -> #N/A | O42: =NOT(ISNA(VLOOKUP(W42,AA:AA,1,FALSE))) -> FALSE | P42: https://acs.figshare.com/articles/dataset/Vicinal_Thiosulfonylation_of_i_ortho_i_-_Alkynyl_benzyl_Thiosulfonates_Sulfurothioates_for_Direct_Synthesis_of_Sulfonyl-Derived_Isothiochromenes/28543588 | Q42: https://doi.org/10.1021/acs.joc.4c02967.s002 | R42: =MID(Q42,LEN(Q42)-2,4) -> 002 | S42: =IF(U42=U41,S41,S41+1) -> 27 | T42: =VLOOKUP(Q42,original!B:C,2,FALSE) -> Vicinal Thiosulfonylation of ortho-(Alkynyl)benzyl Thiosulfonates/Sulfurothioates for Direct Synthesis of Sulfonyl-Derived Isothiochromenes | U42: https://doi.org/10.1021/acs.joc.4c02967 | V42: =SUBSTITUTE(SUBSTITUTE(MID(U42,LEN(U42)-8,100),"c.","jo"),"t.","ol") -> jo4c02967 | W42: =B42&"_si_"&R42&".zip" -> jo4c02967_si_002.zip | X42: =IF(U42<>U41,P42,X41&"\t"&P42) -> https://acs.figshare.com/articles/dataset/Vicinal_Thiosulfonylation_of_i_ortho_i_-_Alkynyl_benzyl_Thiosulfonates_Sulfurothioates_for_Direct_Synthesis_of_Sulfonyl-Derived_Isothiochromenes/28543588 | Y42: =IF(U42<>U43,$Y$1&" --pubDOI "& U42&" --dataDOI """&SUBSTITUTE(U42&X42&"""","https://doi.org/",""),"") -> --localSource c:/temp/acs2/data --targetDir c:/temp/acs2/$DOI$ --noDownload --readOnly --pubDOI https://doi.org/10.1021/acs.joc.4c02967 --dataDOI "10.1021/acs.joc.4c02967https://acs.figshare.com/articles/dataset/Vicinal_Thiosulfonylation_of_i_ortho_i_-_Alkynyl_benzyl_Thiosulfonates_Sulfurothioates_for_Direct_Synthesis_of_Sulfonyl-Derived_Isothiochromenes/28543588" | Z42: ="<br><a href="""&Q42&""">"&Q42&"</a>" -> <br><a href="https://doi.org/10.1021/acs.joc.4c02967.s002">https://doi.org/10.1021/acs.joc.4c02967.s002</a> | AA42: =IF(AB42="","",MID(AB42,1,LEN(AB42)-4)&".zip") -> ol5c03410_si_002.zip | AB42: ol5c03410_si_002.xyz
A43: 42 | B43: =V43 -> jo4c03015 | C43: =IF(Y43="","",IF(OR(O43,F43=1,M43=""),"#"&B43 &" "&G43,B43&IF(G43="",""," # " &G43))) -> jo4c03015 | D43: =IF(F43=1,"",IF(AND(D42="",S42=S43),"",S43-SUM(F$2:F42))) -> 25 | E43: =IF(B43=B42,"1","0") -> 0 | F43: 0 | H43: 4 | I43: 5 | M43: =IF(OR(O43,D43=""),"","/*"&D43&" " & B43 &" */"""&Q43&""",//"&T43) -> /*25 jo4c03015 */"https://doi.org/10.1021/acs.joc.4c03015.s002",//B←N Lewis Pair-Functionalized Perylenes: Tuning Optoelectronic Properties via Regioisomerization | N43: =VLOOKUP(W43,AA:AB,2,FALSE) -> #N/A | O43: =NOT(ISNA(VLOOKUP(W43,AA:AA,1,FALSE))) -> FALSE | P43: https://acs.figshare.com/articles/dataset/B_N_Lewis_Pair-Functionalized_Perylenes_Tuning_Optoelectronic_Properties_via_Regioisomerization/28418143 | Q43: https://doi.org/10.1021/acs.joc.4c03015.s002 | R43: =MID(Q43,LEN(Q43)-2,4) -> 002 | S43: =IF(U43=U42,S42,S42+1) -> 28 | T43: =VLOOKUP(Q43,original!B:C,2,FALSE) -> B←N Lewis Pair-Functionalized Perylenes: Tuning Optoelectronic Properties via Regioisomerization | U43: https://doi.org/10.1021/acs.joc.4c03015 | V43: =SUBSTITUTE(SUBSTITUTE(MID(U43,LEN(U43)-8,100),"c.","jo"),"t.","ol") -> jo4c03015 | W43: =B43&"_si_"&R43&".zip" -> jo4c03015_si_002.zip | X43: =IF(U43<>U42,P43,X42&"\t"&P43) -> https://acs.figshare.com/articles/dataset/B_N_Lewis_Pair-Functionalized_Perylenes_Tuning_Optoelectronic_Properties_via_Regioisomerization/28418143 | Y43: =IF(U43<>U44,$Y$1&" --pubDOI "& U43&" --dataDOI """&SUBSTITUTE(U43&X43&"""","https://doi.org/",""),"") -> --localSource c:/temp/acs2/data --targetDir c:/temp/acs2/$DOI$ --noDownload --readOnly --pubDOI https://doi.org/10.1021/acs.joc.4c03015 --dataDOI "10.1021/acs.joc.4c03015https://acs.figshare.com/articles/dataset/B_N_Lewis_Pair-Functionalized_Perylenes_Tuning_Optoelectronic_Properties_via_Regioisomerization/28418143" | Z43: ="<br><a href="""&Q43&""">"&Q43&"</a>" -> <br><a href="https://doi.org/10.1021/acs.joc.4c03015.s002">https://doi.org/10.1021/acs.joc.4c03015.s002</a> | AA43: =IF(AB43="","",MID(AB43,1,LEN(AB43)-4)&".zip") -> ol5c03764_si_002.zip | AB43: ol5c03764_si_002.xls
A44: 43 | B44: =V44 -> jo4c03046 | C44: =IF(Y44="","",IF(OR(O44,F44=1,M44=""),"#"&B44 &" "&G44,B44&IF(G44="",""," # " &G44))) | D44: =IF(F44=1,"",IF(AND(D43="",S43=S44),"",S44-SUM(F$2:F43))) -> 26 | E44: =IF(B44=B43,"1","0") -> 0 | F44: 0 | M44: =IF(OR(O44,D44=""),"","/*"&D44&" " & B44 &" */"""&Q44&""",//"&T44) -> /*26 jo4c03046 */"https://doi.org/10.1021/acs.joc.4c03046.s002",//Quantification of the H‑Bond-Donating Ability of Trifluoromethyl Ketone Hydrates Using a Colorimetric Sensor | N44: =VLOOKUP(W44,AA:AB,2,FALSE) -> #N/A | O44: =NOT(ISNA(VLOOKUP(W44,AA:AA,1,FALSE))) -> FALSE | P44: https://acs.figshare.com/articles/dataset/Quantification_of_the_H_Bond-Donating_Ability_of_Trifluoromethyl_Ketone_Hydrates_Using_a_Colorimetric_Sensor/29082663 | Q44: https://doi.org/10.1021/acs.joc.4c03046.s002 | R44: =MID(Q44,LEN(Q44)-2,4) -> 002 | S44: =IF(U44=U43,S43,S43+1) -> 29 | T44: =VLOOKUP(Q44,original!B:C,2,FALSE) -> Quantification of the H‑Bond-Donating Ability of Trifluoromethyl Ketone Hydrates Using a Colorimetric Sensor | U44: https://doi.org/10.1021/acs.joc.4c03046 | V44: =SUBSTITUTE(SUBSTITUTE(MID(U44,LEN(U44)-8,100),"c.","jo"),"t.","ol") -> jo4c03046 | W44: =B44&"_si_"&R44&".zip" -> jo4c03046_si_002.zip | X44: =IF(U44<>U43,P44,X43&"\t"&P44) -> https://acs.figshare.com/articles/dataset/Quantification_of_the_H_Bond-Donating_Ability_of_Trifluoromethyl_Ketone_Hydrates_Using_a_Colorimetric_Sensor/29082663 | Y44: =IF(U44<>U45,$Y$1&" --pubDOI "& U44&" --dataDOI """&SUBSTITUTE(U44&X44&"""","https://doi.org/",""),"") | Z44: ="<br><a href="""&Q44&""">"&Q44&"</a>" -> <br><a href="https://doi.org/10.1021/acs.joc.4c03046.s002">https://doi.org/10.1021/acs.joc.4c03046.s002</a> | AA44: =IF(AB44="","",MID(AB44,1,LEN(AB44)-4)&".zip") -> ol5c04043_si_002.zip | AB44: ol5c04043_si_002.xls
A45: 44 | B45: =V45 -> jo4c03046 | C45: =IF(Y45="","",IF(OR(O45,F45=1,M45=""),"#"&B45 &" "&G45,B45&IF(G45="",""," # " &G45))) -> jo4c03046 | D45: =IF(F45=1,"",IF(AND(D44="",S44=S45),"",S45-SUM(F$2:F44))) -> 26 | E45: =IF(B45=B44,"1","0") -> 1 | F45: 0 | H45: 14 | I45: 15 | M45: =IF(OR(O45,D45=""),"","/*"&D45&" " & B45 &" */"""&Q45&""",//"&T45) -> /*26 jo4c03046 */"https://doi.org/10.1021/acs.joc.4c03046.s003",//Quantification of the H‑Bond-Donating Ability of Trifluoromethyl Ketone Hydrates Using a Colorimetric Sensor | N45: =VLOOKUP(W45,AA:AB,2,FALSE) -> #N/A | O45: =NOT(ISNA(VLOOKUP(W45,AA:AA,1,FALSE))) -> FALSE | P45: https://acs.figshare.com/articles/dataset/Quantification_of_the_H_Bond-Donating_Ability_of_Trifluoromethyl_Ketone_Hydrates_Using_a_Colorimetric_Sensor/29082666 | Q45: https://doi.org/10.1021/acs.joc.4c03046.s003 | R45: =MID(Q45,LEN(Q45)-2,4) -> 003 | S45: =IF(U45=U44,S44,S44+1) -> 29 | T45: =VLOOKUP(Q45,original!B:C,2,FALSE) -> Quantification of the H‑Bond-Donating Ability of Trifluoromethyl Ketone Hydrates Using a Colorimetric Sensor | U45: https://doi.org/10.1021/acs.joc.4c03046 | V45: =SUBSTITUTE(SUBSTITUTE(MID(U45,LEN(U45)-8,100),"c.","jo"),"t.","ol") -> jo4c03046 | W45: =B45&"_si_"&R45&".zip" -> jo4c03046_si_003.zip | X45: =IF(U45<>U44,P45,X44&"\t"&P45) -> https://acs.figshare.com/articles/dataset/Quantification_of_the_H_Bond-Donating_Ability_of_Trifluoromethyl_Ketone_Hydrates_Using_a_Colorimetric_Sensor/29082663\thttps://acs.figshare.com/articles/dataset/Quantification_of_the_H_Bond-Donating_Ability_of_Trifluoromethyl_Ketone_Hydrates_Using_a_Colorimetric_Sensor/29082666 | Y45: =IF(U45<>U46,$Y$1&" --pubDOI "& U45&" --dataDOI """&SUBSTITUTE(U45&X45&"""","https://doi.org/",""),"") -> --localSource c:/temp/acs2/data --targetDir c:/temp/acs2/$DOI$ --noDownload --readOnly --pubDOI https://doi.org/10.1021/acs.joc.4c03046 --dataDOI "10.1021/acs.joc.4c03046https://acs.figshare.com/articles/dataset/Quantification_of_the_H_Bond-Donating_Ability_of_Trifluoromethyl_Ketone_Hydrates_Using_a_Colorimetric_Sensor/29082663\thttps://acs.figshare.com/articles/dataset/Quantification_of_the_H_Bond-Donating_Ability_of_Trifluoromethyl_Ketone_Hydrates_Using_a_Colorimetric_Sensor/29082666" | Z45: ="<br><a href="""&Q45&""">"&Q45&"</a>" -> <br><a href="https://doi.org/10.1021/acs.joc.4c03046.s003">https://doi.org/10.1021/acs.joc.4c03046.s003</a> | AA45: =IF(AB45="","",MID(AB45,1,LEN(AB45)-4)&".zip") -> ol5c04126_si_002.zip | AB45: ol5c04126_si_002.csv
A46: 45 | B46: =V46 -> jo4c03071 | C46: =IF(Y46="","",IF(OR(O46,F46=1,M46=""),"#"&B46 &" "&G46,B46&IF(G46="",""," # " &G46))) -> jo4c03071 | D46: =IF(F46=1,"",IF(AND(D45="",S45=S46),"",S46-SUM(F$2:F45))) -> 27 | E46: =IF(B46=B45,"1","0") -> 0 | F46: 0 | H46: 26 | I46: 51 | M46: =IF(OR(O46,D46=""),"","/*"&D46&" " & B46 &" */"""&Q46&""",//"&T46) -> /*27 jo4c03071 */"https://doi.org/10.1021/acs.joc.4c03071.s001",//Tandem Synthesis of Polysubstituted Pyrroles via Cu(I)-Catalyzed Cyclization of Ketene N,S-Acetals with β‑Ketodinitriles | N46: =VLOOKUP(W46,AA:AB,2,FALSE) -> #N/A | O46: =NOT(ISNA(VLOOKUP(W46,AA:AA,1,FALSE))) -> FALSE | P46: https://acs.figshare.com/articles/dataset/Tandem_Synthesis_of_Polysubstituted_Pyrroles_via_Cu_I_-Catalyzed_Cyclization_of_Ketene_i_N_S_i_-Acetals_with_Ketodinitriles/28575111 | Q46: https://doi.org/10.1021/acs.joc.4c03071.s001 | R46: =MID(Q46,LEN(Q46)-2,4) -> 001 | S46: =IF(U46=U45,S45,S45+1) -> 30 | T46: =VLOOKUP(Q46,original!B:C,2,FALSE) -> Tandem Synthesis of Polysubstituted Pyrroles via Cu(I)-Catalyzed Cyclization of Ketene N,S-Acetals with β‑Ketodinitriles | U46: https://doi.org/10.1021/acs.joc.4c03071 | V46: =SUBSTITUTE(SUBSTITUTE(MID(U46,LEN(U46)-8,100),"c.","jo"),"t.","ol") -> jo4c03071 | W46: =B46&"_si_"&R46&".zip" -> jo4c03071_si_001.zip | X46: =IF(U46<>U45,P46,X45&"\t"&P46) -> https://acs.figshare.com/articles/dataset/Tandem_Synthesis_of_Polysubstituted_Pyrroles_via_Cu_I_-Catalyzed_Cyclization_of_Ketene_i_N_S_i_-Acetals_with_Ketodinitriles/28575111 | Y46: =IF(U46<>U47,$Y$1&" --pubDOI "& U46&" --dataDOI """&SUBSTITUTE(U46&X46&"""","https://doi.org/",""),"") -> --localSource c:/temp/acs2/data --targetDir c:/temp/acs2/$DOI$ --noDownload --readOnly --pubDOI https://doi.org/10.1021/acs.joc.4c03071 --dataDOI "10.1021/acs.joc.4c03071https://acs.figshare.com/articles/dataset/Tandem_Synthesis_of_Polysubstituted_Pyrroles_via_Cu_I_-Catalyzed_Cyclization_of_Ketene_i_N_S_i_-Acetals_with_Ketodinitriles/28575111" | Z46: ="<br><a href="""&Q46&""">"&Q46&"</a>" -> <br><a href="https://doi.org/10.1021/acs.joc.4c03071.s001">https://doi.org/10.1021/acs.joc.4c03071.s001</a> | AA46: =IF(AB46="","",MID(AB46,1,LEN(AB46)-4)&".zip") -> ol5c04292_si_002.zip | AB46: ol5c04292_si_002.xyz
A47: 46 | B47: =V47 -> jo4c03085 | C47: =IF(Y47="","",IF(OR(O47,F47=1,M47=""),"#"&B47 &" "&G47,B47&IF(G47="",""," # " &G47))) -> jo4c03085 | D47: =IF(F47=1,"",IF(AND(D46="",S46=S47),"",S47-SUM(F$2:F46))) -> 28 | E47: =IF(B47=B46,"1","0") -> 0 | F47: 0 | H47: 118 | I47: 118 | M47: =IF(OR(O47,D47=""),"","/*"&D47&" " & B47 &" */"""&Q47&""",//"&T47) -> /*28 jo4c03085 */"https://doi.org/10.1021/acs.joc.4c03085.s002",//A Route to the Mild Synthesis of α‑Selenomethylketones via Vinyl Azides | N47: =VLOOKUP(W47,AA:AB,2,FALSE) -> #N/A | O47: =NOT(ISNA(VLOOKUP(W47,AA:AA,1,FALSE))) -> FALSE | P47: https://acs.figshare.com/articles/dataset/A_Route_to_the_Mild_Synthesis_of_Selenomethylketones_via_Vinyl_Azides/28681228 | Q47: https://doi.org/10.1021/acs.joc.4c03085.s002 | R47: =MID(Q47,LEN(Q47)-2,4) -> 002 | S47: =IF(U47=U46,S46,S46+1) -> 31 | T47: =VLOOKUP(Q47,original!B:C,2,FALSE) -> A Route to the Mild Synthesis of α‑Selenomethylketones via Vinyl Azides | U47: https://doi.org/10.1021/acs.joc.4c03085 | V47: =SUBSTITUTE(SUBSTITUTE(MID(U47,LEN(U47)-8,100),"c.","jo"),"t.","ol") -> jo4c03085 | W47: =B47&"_si_"&R47&".zip" -> jo4c03085_si_002.zip | X47: =IF(U47<>U46,P47,X46&"\t"&P47) -> https://acs.figshare.com/articles/dataset/A_Route_to_the_Mild_Synthesis_of_Selenomethylketones_via_Vinyl_Azides/28681228 | Y47: =IF(U47<>U48,$Y$1&" --pubDOI "& U47&" --dataDOI """&SUBSTITUTE(U47&X47&"""","https://doi.org/",""),"") -> --localSource c:/temp/acs2/data --targetDir c:/temp/acs2/$DOI$ --noDownload --readOnly --pubDOI https://doi.org/10.1021/acs.joc.4c03085 --dataDOI "10.1021/acs.joc.4c03085https://acs.figshare.com/articles/dataset/A_Route_to_the_Mild_Synthesis_of_Selenomethylketones_via_Vinyl_Azides/28681228" | Z47: ="<br><a href="""&Q47&""">"&Q47&"</a>" -> <br><a href="https://doi.org/10.1021/acs.joc.4c03085.s002">https://doi.org/10.1021/acs.joc.4c03085.s002</a> | AA47: =IF(AB47="","",MID(AB47,1,LEN(AB47)-4)&".zip") -> ol5c04570_si_002.zip | AB47: ol5c04570_si_002.xls
A48: 47 | B48: =V48 -> jo4c03092 | C48: =IF(Y48="","",IF(OR(O48,F48=1,M48=""),"#"&B48 &" "&G48,B48&IF(G48="",""," # " &G48))) -> jo4c03092 | D48: =IF(F48=1,"",IF(AND(D47="",S47=S48),"",S48-SUM(F$2:F47))) -> 29 | E48: =IF(B48=B47,"1","0") -> 0 | F48: 0 | H48: 58 | I48: 119 | M48: =IF(OR(O48,D48=""),"","/*"&D48&" " & B48 &" */"""&Q48&""",//"&T48) -> /*29 jo4c03092 */"https://doi.org/10.1021/acs.joc.4c03092.s002",//Regio- and Chemoselective Synthesis of Spiro Cyclobutane-Isobenzofuranimines via Cascade Oxycyclization and [2 + 2] Cycloaddition of o‑Alkynolbenzamides | N48: =VLOOKUP(W48,AA:AB,2,FALSE) -> #N/A | O48: =NOT(ISNA(VLOOKUP(W48,AA:AA,1,FALSE))) -> FALSE | P48: https://acs.figshare.com/articles/dataset/Regio-_and_Chemoselective_Synthesis_of_Spiro_Cyclobutane-Isobenzofuranimines_via_Cascade_Oxycyclization_and_2_2_Cycloaddition_of_i_o_i_Alkynolbenzamides/30145504 | Q48: https://doi.org/10.1021/acs.joc.4c03092.s002 | R48: =MID(Q48,LEN(Q48)-2,4) -> 002 | S48: =IF(U48=U47,S47,S47+1) -> 32 | T48: =VLOOKUP(Q48,original!B:C,2,FALSE) -> Regio- and Chemoselective Synthesis of Spiro Cyclobutane-Isobenzofuranimines via Cascade Oxycyclization and [2 + 2] Cycloaddition of o‑Alkynolbenzamides | U48: https://doi.org/10.1021/acs.joc.4c03092 | V48: =SUBSTITUTE(SUBSTITUTE(MID(U48,LEN(U48)-8,100),"c.","jo"),"t.","ol") -> jo4c03092 | W48: =B48&"_si_"&R48&".zip" -> jo4c03092_si_002.zip | X48: =IF(U48<>U47,P48,X47&"\t"&P48) -> https://acs.figshare.com/articles/dataset/Regio-_and_Chemoselective_Synthesis_of_Spiro_Cyclobutane-Isobenzofuranimines_via_Cascade_Oxycyclization_and_2_2_Cycloaddition_of_i_o_i_Alkynolbenzamides/30145504 | Y48: =IF(U48<>U49,$Y$1&" --pubDOI "& U48&" --dataDOI """&SUBSTITUTE(U48&X48&"""","https://doi.org/",""),"") -> --localSource c:/temp/acs2/data --targetDir c:/temp/acs2/$DOI$ --noDownload --readOnly --pubDOI https://doi.org/10.1021/acs.joc.4c03092 --dataDOI "10.1021/acs.joc.4c03092https://acs.figshare.com/articles/dataset/Regio-_and_Chemoselective_Synthesis_of_Spiro_Cyclobutane-Isobenzofuranimines_via_Cascade_Oxycyclization_and_2_2_Cycloaddition_of_i_o_i_Alkynolbenzamides/30145504" | Z48: ="<br><a href="""&Q48&""">"&Q48&"</a>" -> <br><a href="https://doi.org/10.1021/acs.joc.4c03092.s002">https://doi.org/10.1021/acs.joc.4c03092.s002</a> | AA48: =IF(AB48="","",MID(AB48,1,LEN(AB48)-4)&".zip") -> ol5c04669_si_002.zip | AB48: ol5c04669_si_002.xls
A49: 48 | B49: =V49 -> jo4c03094 | C49: =IF(Y49="","",IF(OR(O49,F49=1,M49=""),"#"&B49 &" "&G49,B49&IF(G49="",""," # " &G49))) -> jo4c03094 | D49: =IF(F49=1,"",IF(AND(D48="",S48=S49),"",S49-SUM(F$2:F48))) -> 30 | E49: =IF(B49=B48,"1","0") -> 0 | F49: 0 | H49: 103 | I49: 103 | M49: =IF(OR(O49,D49=""),"","/*"&D49&" " & B49 &" */"""&Q49&""",//"&T49) -> /*30 jo4c03094 */"https://doi.org/10.1021/acs.joc.4c03094.s002",//Synthesis of a Natural Product-Based 5H‑Thiazolo[5′,4′:5,6]pyrido[2,3‑b]indole Derivative via Solid-Phase Synthesis | N49: =VLOOKUP(W49,AA:AB,2,FALSE) -> #N/A | O49: =NOT(ISNA(VLOOKUP(W49,AA:AA,1,FALSE))) -> FALSE | P49: https://acs.figshare.com/articles/dataset/Synthesis_of_a_Natural_Product-Based_5_i_H_i_Thiazolo_5_4_5_6_pyrido_2_3_i_b_i_indole_Derivative_via_Solid-Phase_Synthesis/28450076 | Q49: https://doi.org/10.1021/acs.joc.4c03094.s002 | R49: =MID(Q49,LEN(Q49)-2,4) -> 002 | S49: =IF(U49=U48,S48,S48+1) -> 33 | T49: =VLOOKUP(Q49,original!B:C,2,FALSE) -> Synthesis of a Natural Product-Based 5H‑Thiazolo[5′,4′:5,6]pyrido[2,3‑b]indole Derivative via Solid-Phase Synthesis | U49: https://doi.org/10.1021/acs.joc.4c03094 | V49: =SUBSTITUTE(SUBSTITUTE(MID(U49,LEN(U49)-8,100),"c.","jo"),"t.","ol") -> jo4c03094 | W49: =B49&"_si_"&R49&".zip" -> jo4c03094_si_002.zip | X49: =IF(U49<>U48,P49,X48&"\t"&P49) -> https://acs.figshare.com/articles/dataset/Synthesis_of_a_Natural_Product-Based_5_i_H_i_Thiazolo_5_4_5_6_pyrido_2_3_i_b_i_indole_Derivative_via_Solid-Phase_Synthesis/28450076 | Y49: =IF(U49<>U50,$Y$1&" --pubDOI "& U49&" --dataDOI """&SUBSTITUTE(U49&X49&"""","https://doi.org/",""),"") -> --localSource c:/temp/acs2/data --targetDir c:/temp/acs2/$DOI$ --noDownload --readOnly --pubDOI https://doi.org/10.1021/acs.joc.4c03094 --dataDOI "10.1021/acs.joc.4c03094https://acs.figshare.com/articles/dataset/Synthesis_of_a_Natural_Product-Based_5_i_H_i_Thiazolo_5_4_5_6_pyrido_2_3_i_b_i_indole_Derivative_via_Solid-Phase_Synthesis/28450076" | Z49: ="<br><a href="""&Q49&""">"&Q49&"</a>" -> <br><a href="https://doi.org/10.1021/acs.joc.4c03094.s002">https://doi.org/10.1021/acs.joc.4c03094.s002</a> | AA49: =IF(AB49="","",MID(AB49,1,LEN(AB49)-4)&".zip") -> ol5c01514_si_002.zip | AB49: ol5c01514_si_002.xls
A50: 49 | B50: =V50 -> jo4c03118 | C50: =IF(Y50="","",IF(OR(O50,F50=1,M50=""),"#"&B50 &" "&G50,B50&IF(G50="",""," # " &G50))) -> jo4c03118 | D50: =IF(F50=1,"",IF(AND(D49="",S49=S50),"",S50-SUM(F$2:F49))) -> 31 | E50: =IF(B50=B49,"1","0") -> 0 | F50: 0 | H50: 52 | I50: 104 | M50: =IF(OR(O50,D50=""),"","/*"&D50&" " & B50 &" */"""&Q50&""",//"&T50) -> /*31 jo4c03118 */"https://doi.org/10.1021/acs.joc.4c03118.s001",//Atmosphere Effects on Arene Reduction with Lithium and Ethylenediamine in THF | N50: =VLOOKUP(W50,AA:AB,2,FALSE) -> #N/A | O50: =NOT(ISNA(VLOOKUP(W50,AA:AA,1,FALSE))) -> FALSE | P50: https://acs.figshare.com/articles/dataset/Atmosphere_Effects_on_Arene_Reduction_with_Lithium_and_Ethylenediamine_in_THF/28524692 | Q50: https://doi.org/10.1021/acs.joc.4c03118.s001 | R50: =MID(Q50,LEN(Q50)-2,4) -> 001 | S50: =IF(U50=U49,S49,S49+1) -> 34 | T50: =VLOOKUP(Q50,original!B:C,2,FALSE) -> Atmosphere Effects on Arene Reduction with Lithium and Ethylenediamine in THF | U50: https://doi.org/10.1021/acs.joc.4c03118 | V50: =SUBSTITUTE(SUBSTITUTE(MID(U50,LEN(U50)-8,100),"c.","jo"),"t.","ol") -> jo4c03118 | W50: =B50&"_si_"&R50&".zip" -> jo4c03118_si_001.zip | X50: =IF(U50<>U49,P50,X49&"\t"&P50) -> https://acs.figshare.com/articles/dataset/Atmosphere_Effects_on_Arene_Reduction_with_Lithium_and_Ethylenediamine_in_THF/28524692 | Y50: =IF(U50<>U51,$Y$1&" --pubDOI "& U50&" --dataDOI """&SUBSTITUTE(U50&X50&"""","https://doi.org/",""),"") -> --localSource c:/temp/acs2/data --targetDir c:/temp/acs2/$DOI$ --noDownload --readOnly --pubDOI https://doi.org/10.1021/acs.joc.4c03118 --dataDOI "10.1021/acs.joc.4c03118https://acs.figshare.com/articles/dataset/Atmosphere_Effects_on_Arene_Reduction_with_Lithium_and_Ethylenediamine_in_THF/28524692" | Z50: ="<br><a href="""&Q50&""">"&Q50&"</a>" -> <br><a href="https://doi.org/10.1021/acs.joc.4c03118.s001">https://doi.org/10.1021/acs.joc.4c03118.s001</a> | AA50: =IF(AB50="","",MID(AB50,1,LEN(AB50)-4)&".zip") -> jo5c01606_si_002.zip | AB50: jo5c01606_si_002.xyz
A51: 50 | B51: =V51 -> jo4c03140 | C51: =IF(Y51="","",IF(OR(O51,F51=1,M51=""),"#"&B51 &" "&G51,B51&IF(G51="",""," # " &G51))) -> jo4c03140 | D51: =IF(F51=1,"",IF(AND(D50="",S50=S51),"",S51-SUM(F$2:F50))) -> 32 | E51: =IF(B51=B50,"1","0") -> 0 | F51: 0 | H51: 0 | I51: 0 | M51: =IF(OR(O51,D51=""),"","/*"&D51&" " & B51 &" */"""&Q51&""",//"&T51) -> /*32 jo4c03140 */"https://doi.org/10.1021/acs.joc.4c03140.s002",//Asymmetric Total Synthesis of Gymnothespirolignan A via a Bioinspired Double Cyclization Approach | N51: =VLOOKUP(W51,AA:AB,2,FALSE) -> #N/A | O51: =NOT(ISNA(VLOOKUP(W51,AA:AA,1,FALSE))) -> FALSE | P51: https://acs.figshare.com/articles/dataset/Asymmetric_Total_Synthesis_of_Gymnothespirolignan_A_via_a_Bioinspired_Double_Cyclization_Approach/28522401 | Q51: https://doi.org/10.1021/acs.joc.4c03140.s002 | R51: =MID(Q51,LEN(Q51)-2,4) -> 002 | S51: =IF(U51=U50,S50,S50+1) -> 35 | T51: =VLOOKUP(Q51,original!B:C,2,FALSE) -> Asymmetric Total Synthesis of Gymnothespirolignan A via a Bioinspired Double Cyclization Approach | U51: https://doi.org/10.1021/acs.joc.4c03140 | V51: =SUBSTITUTE(SUBSTITUTE(MID(U51,LEN(U51)-8,100),"c.","jo"),"t.","ol") -> jo4c03140 | W51: =B51&"_si_"&R51&".zip" -> jo4c03140_si_002.zip | X51: =IF(U51<>U50,P51,X50&"\t"&P51) -> https://acs.figshare.com/articles/dataset/Asymmetric_Total_Synthesis_of_Gymnothespirolignan_A_via_a_Bioinspired_Double_Cyclization_Approach/28522401 | Y51: =IF(U51<>U52,$Y$1&" --pubDOI "& U51&" --dataDOI """&SUBSTITUTE(U51&X51&"""","https://doi.org/",""),"") -> --localSource c:/temp/acs2/data --targetDir c:/temp/acs2/$DOI$ --noDownload --readOnly --pubDOI https://doi.org/10.1021/acs.joc.4c03140 --dataDOI "10.1021/acs.joc.4c03140https://acs.figshare.com/articles/dataset/Asymmetric_Total_Synthesis_of_Gymnothespirolignan_A_via_a_Bioinspired_Double_Cyclization_Approach/28522401" | Z51: ="<br><a href="""&Q51&""">"&Q51&"</a>" -> <br><a href="https://doi.org/10.1021/acs.joc.4c03140.s002">https://doi.org/10.1021/acs.joc.4c03140.s002</a> | AA51: =IF(AB51="","",MID(AB51,1,LEN(AB51)-4)&".zip") -> jo5c01560_si_009.zip | AB51: jo5c01560_si_009.xyz
A52: 51 | B52: =V52 -> jo4c03150 | C52: =IF(Y52="","",IF(OR(O52,F52=1,M52=""),"#"&B52 &" "&G52,B52&IF(G52="",""," # " &G52))) | D52: =IF(F52=1,"",IF(AND(D51="",S51=S52),"",S52-SUM(F$2:F51))) -> 33 | E52: =IF(B52=B51,"1","0") -> 0 | F52: 0 | M52: =IF(OR(O52,D52=""),"","/*"&D52&" " & B52 &" */"""&Q52&""",//"&T52) -> /*33 jo4c03150 */"https://doi.org/10.1021/acs.joc.4c03150.s004",//A Twist on Controlling the Equilibrium of Dynamic Thia-Michael Reactions | N52: =VLOOKUP(W52,AA:AB,2,FALSE) -> #N/A | O52: =NOT(ISNA(VLOOKUP(W52,AA:AA,1,FALSE))) -> FALSE | P52: https://acs.figshare.com/articles/dataset/A_Twist_on_Controlling_the_Equilibrium_of_Dynamic_Thia-Michael_Reactions/28555603 | Q52: https://doi.org/10.1021/acs.joc.4c03150.s004 | R52: =MID(Q52,LEN(Q52)-2,4) -> 004 | S52: =IF(U52=U51,S51,S51+1) -> 36 | T52: =VLOOKUP(Q52,original!B:C,2,FALSE) -> A Twist on Controlling the Equilibrium of Dynamic Thia-Michael Reactions | U52: https://doi.org/10.1021/acs.joc.4c03150 | V52: =SUBSTITUTE(SUBSTITUTE(MID(U52,LEN(U52)-8,100),"c.","jo"),"t.","ol") -> jo4c03150 | W52: =B52&"_si_"&R52&".zip" -> jo4c03150_si_004.zip | X52: =IF(U52<>U51,P52,X51&"\t"&P52) -> https://acs.figshare.com/articles/dataset/A_Twist_on_Controlling_the_Equilibrium_of_Dynamic_Thia-Michael_Reactions/28555603 | Y52: =IF(U52<>U53,$Y$1&" --pubDOI "& U52&" --dataDOI """&SUBSTITUTE(U52&X52&"""","https://doi.org/",""),"") | Z52: ="<br><a href="""&Q52&""">"&Q52&"</a>" -> <br><a href="https://doi.org/10.1021/acs.joc.4c03150.s004">https://doi.org/10.1021/acs.joc.4c03150.s004</a> | AA52: =IF(AB52="","",MID(AB52,1,LEN(AB52)-4)&".zip") -> jo5c01560_si_006.zip | AB52: jo5c01560_si_006.xyz
A53: 52 | B53: =V53 -> jo4c03150 | C53: =IF(Y53="","",IF(OR(O53,F53=1,M53=""),"#"&B53 &" "&G53,B53&IF(G53="",""," # " &G53))) -> jo4c03150 | D53: =IF(F53=1,"",IF(AND(D52="",S52=S53),"",S53-SUM(F$2:F52))) -> 33 | E53: =IF(B53=B52,"1","0") -> 1 | F53: 0 | H53: 34 | I53: 50 | M53: =IF(OR(O53,D53=""),"","/*"&D53&" " & B53 &" */"""&Q53&""",//"&T53) -> /*33 jo4c03150 */"https://doi.org/10.1021/acs.joc.4c03150.s005",//A Twist on Controlling the Equilibrium of Dynamic Thia-Michael Reactions | N53: =VLOOKUP(W53,AA:AB,2,FALSE) -> #N/A | O53: =NOT(ISNA(VLOOKUP(W53,AA:AA,1,FALSE))) -> FALSE | P53: https://acs.figshare.com/articles/dataset/A_Twist_on_Controlling_the_Equilibrium_of_Dynamic_Thia-Michael_Reactions/28555606 | Q53: https://doi.org/10.1021/acs.joc.4c03150.s005 | R53: =MID(Q53,LEN(Q53)-2,4) -> 005 | S53: =IF(U53=U52,S52,S52+1) -> 36 | T53: =VLOOKUP(Q53,original!B:C,2,FALSE) -> A Twist on Controlling the Equilibrium of Dynamic Thia-Michael Reactions | U53: https://doi.org/10.1021/acs.joc.4c03150 | V53: =SUBSTITUTE(SUBSTITUTE(MID(U53,LEN(U53)-8,100),"c.","jo"),"t.","ol") -> jo4c03150 | W53: =B53&"_si_"&R53&".zip" -> jo4c03150_si_005.zip | X53: =IF(U53<>U52,P53,X52&"\t"&P53) -> https://acs.figshare.com/articles/dataset/A_Twist_on_Controlling_the_Equilibrium_of_Dynamic_Thia-Michael_Reactions/28555603\thttps://acs.figshare.com/articles/dataset/A_Twist_on_Controlling_the_Equilibrium_of_Dynamic_Thia-Michael_Reactions/28555606 | Y53: =IF(U53<>U54,$Y$1&" --pubDOI "& U53&" --dataDOI """&SUBSTITUTE(U53&X53&"""","https://doi.org/",""),"") -> --localSource c:/temp/acs2/data --targetDir c:/temp/acs2/$DOI$ --noDownload --readOnly --pubDOI https://doi.org/10.1021/acs.joc.4c03150 --dataDOI "10.1021/acs.joc.4c03150https://acs.figshare.com/articles/dataset/A_Twist_on_Controlling_the_Equilibrium_of_Dynamic_Thia-Michael_Reactions/28555603\thttps://acs.figshare.com/articles/dataset/A_Twist_on_Controlling_the_Equilibrium_of_Dynamic_Thia-Michael_Reactions/28555606" | Z53: ="<br><a href="""&Q53&""">"&Q53&"</a>" -> <br><a href="https://doi.org/10.1021/acs.joc.4c03150.s005">https://doi.org/10.1021/acs.joc.4c03150.s005</a> | AA53: =IF(AB53="","",MID(AB53,1,LEN(AB53)-4)&".zip") -> jo5c00805_si_002.zip | AB53: jo5c00805_si_002.xyz
A54: 53 | B54: =V54 -> jo4c03151 | C54: =IF(Y54="","",IF(OR(O54,F54=1,M54=""),"#"&B54 &" "&G54,B54&IF(G54="",""," # " &G54))) -> jo4c03151 | D54: =IF(F54=1,"",IF(AND(D53="",S53=S54),"",S54-SUM(F$2:F53))) -> 34 | E54: =IF(B54=B53,"1","0") -> 0 | F54: 0 | H54: 66 | I54: 128 | M54: =IF(OR(O54,D54=""),"","/*"&D54&" " & B54 &" */"""&Q54&""",//"&T54) -> /*34 jo4c03151 */"https://doi.org/10.1021/acs.joc.4c03151.s002",//Minisci C–H Alkylation of Heterocycles with Unactivated Alkyl Iodides Enabled by Visible Light Photocatalysis | N54: =VLOOKUP(W54,AA:AB,2,FALSE) -> #N/A | O54: =NOT(ISNA(VLOOKUP(W54,AA:AA,1,FALSE))) -> FALSE | P54: https://acs.figshare.com/articles/dataset/Minisci_C_H_Alkylation_of_Heterocycles_with_Unactivated_Alkyl_Iodides_Enabled_by_Visible_Light_Photocatalysis/28505255 | Q54: https://doi.org/10.1021/acs.joc.4c03151.s002 | R54: =MID(Q54,LEN(Q54)-2,4) -> 002 | S54: =IF(U54=U53,S53,S53+1) -> 37 | T54: =VLOOKUP(Q54,original!B:C,2,FALSE) -> Minisci C–H Alkylation of Heterocycles with Unactivated Alkyl Iodides Enabled by Visible Light Photocatalysis | U54: https://doi.org/10.1021/acs.joc.4c03151 | V54: =SUBSTITUTE(SUBSTITUTE(MID(U54,LEN(U54)-8,100),"c.","jo"),"t.","ol") -> jo4c03151 | W54: =B54&"_si_"&R54&".zip" -> jo4c03151_si_002.zip | X54: =IF(U54<>U53,P54,X53&"\t"&P54) -> https://acs.figshare.com/articles/dataset/Minisci_C_H_Alkylation_of_Heterocycles_with_Unactivated_Alkyl_Iodides_Enabled_by_Visible_Light_Photocatalysis/28505255 | Y54: =IF(U54<>U55,$Y$1&" --pubDOI "& U54&" --dataDOI """&SUBSTITUTE(U54&X54&"""","https://doi.org/",""),"") -> --localSource c:/temp/acs2/data --targetDir c:/temp/acs2/$DOI$ --noDownload --readOnly --pubDOI https://doi.org/10.1021/acs.joc.4c03151 --dataDOI "10.1021/acs.joc.4c03151https://acs.figshare.com/articles/dataset/Minisci_C_H_Alkylation_of_Heterocycles_with_Unactivated_Alkyl_Iodides_Enabled_by_Visible_Light_Photocatalysis/28505255" | Z54: ="<br><a href="""&Q54&""">"&Q54&"</a>" -> <br><a href="https://doi.org/10.1021/acs.joc.4c03151.s002">https://doi.org/10.1021/acs.joc.4c03151.s002</a> | AA54: =IF(AB54="","",MID(AB54,1,LEN(AB54)-4)&".zip") -> ol5c04431_si_002.zip | AB54: ol5c04431_si_002.xyz
A55: 54 | B55: =V55 -> jo4c03180 | C55: =IF(Y55="","",IF(OR(O55,F55=1,M55=""),"#"&B55 &" "&G55,B55&IF(G55="",""," # " &G55))) -> jo4c03180 | D55: =IF(F55=1,"",IF(AND(D54="",S54=S55),"",S55-SUM(F$2:F54))) -> 35 | E55: =IF(B55=B54,"1","0") -> 0 | F55: 0 | H55: 0 | I55: 0 | M55: =IF(OR(O55,D55=""),"","/*"&D55&" " & B55 &" */"""&Q55&""",//"&T55) -> /*35 jo4c03180 */"https://doi.org/10.1021/acs.joc.4c03180.s002",//PhICl2/KSeCN Mediated Synthesis of Selenopheno[3,2‑b]indoles and 3‑Selenocyanato-2-benzoselenophene Indoles from 1,3-Diynes via Double Electrophilic Cyclization | N55: =VLOOKUP(W55,AA:AB,2,FALSE) -> #N/A | O55: =NOT(ISNA(VLOOKUP(W55,AA:AA,1,FALSE))) -> FALSE | P55: https://acs.figshare.com/articles/dataset/PhICl_sub_2_sub_KSeCN_Mediated_Synthesis_of_Selenopheno_3_2_i_b_i_indoles_and_3_Selenocyanato-2-benzoselenophene_Indoles_from_1_3-Diynes_via_Double_Electrophilic_Cyclization/28852227 | Q55: https://doi.org/10.1021/acs.joc.4c03180.s002 | R55: =MID(Q55,LEN(Q55)-2,4) -> 002 | S55: =IF(U55=U54,S54,S54+1) -> 38 | T55: =VLOOKUP(Q55,original!B:C,2,FALSE) -> PhICl2/KSeCN Mediated Synthesis of Selenopheno[3,2‑b]indoles and 3‑Selenocyanato-2-benzoselenophene Indoles from 1,3-Diynes via Double Electrophilic Cyclization | U55: https://doi.org/10.1021/acs.joc.4c03180 | V55: =SUBSTITUTE(SUBSTITUTE(MID(U55,LEN(U55)-8,100),"c.","jo"),"t.","ol") -> jo4c03180 | W55: =B55&"_si_"&R55&".zip" -> jo4c03180_si_002.zip | X55: =IF(U55<>U54,P55,X54&"\t"&P55) -> https://acs.figshare.com/articles/dataset/PhICl_sub_2_sub_KSeCN_Mediated_Synthesis_of_Selenopheno_3_2_i_b_i_indoles_and_3_Selenocyanato-2-benzoselenophene_Indoles_from_1_3-Diynes_via_Double_Electrophilic_Cyclization/28852227 | Y55: =IF(U55<>U56,$Y$1&" --pubDOI "& U55&" --dataDOI """&SUBSTITUTE(U55&X55&"""","https://doi.org/",""),"") -> --localSource c:/temp/acs2/data --targetDir c:/temp/acs2/$DOI$ --noDownload --readOnly --pubDOI https://doi.org/10.1021/acs.joc.4c03180 --dataDOI "10.1021/acs.joc.4c03180https://acs.figshare.com/articles/dataset/PhICl_sub_2_sub_KSeCN_Mediated_Synthesis_of_Selenopheno_3_2_i_b_i_indoles_and_3_Selenocyanato-2-benzoselenophene_Indoles_from_1_3-Diynes_via_Double_Electrophilic_Cyclization/28852227" | Z55: ="<br><a href="""&Q55&""">"&Q55&"</a>" -> <br><a href="https://doi.org/10.1021/acs.joc.4c03180.s002">https://doi.org/10.1021/acs.joc.4c03180.s002</a> | AA55: =IF(AB55="","",MID(AB55,1,LEN(AB55)-4)&".zip") -> jo5c02410_si_002.zip | AB55: jo5c02410_si_002.xyz
A56: 55 | B56: =V56 -> jo4c03181 | C56: =IF(Y56="","",IF(OR(O56,F56=1,M56=""),"#"&B56 &" "&G56,B56&IF(G56="",""," # " &G56))) -> jo4c03181 | D56: =IF(F56=1,"",IF(AND(D55="",S55=S56),"",S56-SUM(F$2:F55))) -> 36 | E56: =IF(B56=B55,"1","0") -> 0 | F56: 0 | H56: 52 | I56: 151 | M56: =IF(OR(O56,D56=""),"","/*"&D56&" " & B56 &" */"""&Q56&""",//"&T56) -> /*36 jo4c03181 */"https://doi.org/10.1021/acs.joc.4c03181.s002",//(3+2) Annulation of Donor–Acceptor Cyclopropanes with Difluoroenoxysilanes: Syntheses of gem-Difluorocyclopentenes via α,α-Difluoroketone Scaffolds | N56: =VLOOKUP(W56,AA:AB,2,FALSE) -> #N/A | O56: =NOT(ISNA(VLOOKUP(W56,AA:AA,1,FALSE))) -> FALSE | P56: https://acs.figshare.com/articles/dataset/_3_2_Annulation_of_Donor_Acceptor_Cyclopropanes_with_Difluoroenoxysilanes_Syntheses_of_i_gem_i_-Difluorocyclopentenes_via_-Difluoroketone_Scaffolds/28675390 | Q56: https://doi.org/10.1021/acs.joc.4c03181.s002 | R56: =MID(Q56,LEN(Q56)-2,4) -> 002 | S56: =IF(U56=U55,S55,S55+1) -> 39 | T56: =VLOOKUP(Q56,original!B:C,2,FALSE) -> (3+2) Annulation of Donor–Acceptor Cyclopropanes with Difluoroenoxysilanes: Syntheses of gem-Difluorocyclopentenes via α,α-Difluoroketone Scaffolds | U56: https://doi.org/10.1021/acs.joc.4c03181 | V56: =SUBSTITUTE(SUBSTITUTE(MID(U56,LEN(U56)-8,100),"c.","jo"),"t.","ol") -> jo4c03181 | W56: =B56&"_si_"&R56&".zip" -> jo4c03181_si_002.zip | X56: =IF(U56<>U55,P56,X55&"\t"&P56) -> https://acs.figshare.com/articles/dataset/_3_2_Annulation_of_Donor_Acceptor_Cyclopropanes_with_Difluoroenoxysilanes_Syntheses_of_i_gem_i_-Difluorocyclopentenes_via_-Difluoroketone_Scaffolds/28675390 | Y56: =IF(U56<>U57,$Y$1&" --pubDOI "& U56&" --dataDOI """&SUBSTITUTE(U56&X56&"""","https://doi.org/",""),"") -> --localSource c:/temp/acs2/data --targetDir c:/temp/acs2/$DOI$ --noDownload --readOnly --pubDOI https://doi.org/10.1021/acs.joc.4c03181 --dataDOI "10.1021/acs.joc.4c03181https://acs.figshare.com/articles/dataset/_3_2_Annulation_of_Donor_Acceptor_Cyclopropanes_with_Difluoroenoxysilanes_Syntheses_of_i_gem_i_-Difluorocyclopentenes_via_-Difluoroketone_Scaffolds/28675390" | Z56: ="<br><a href="""&Q56&""">"&Q56&"</a>" -> <br><a href="https://doi.org/10.1021/acs.joc.4c03181.s002">https://doi.org/10.1021/acs.joc.4c03181.s002</a> | AA56: =IF(AB56="","",MID(AB56,1,LEN(AB56)-4)&".zip") -> jo5c02438_si_002..zip | AB56: jo5c02438_si_002.xlsx
A57: 56 | B57: =V57 -> jo5c00007 | C57: =IF(Y57="","",IF(OR(O57,F57=1,M57=""),"#"&B57 &" "&G57,B57&IF(G57="",""," # " &G57))) -> jo5c00007 | D57: =IF(F57=1,"",IF(AND(D56="",S56=S57),"",S57-SUM(F$2:F56))) -> 37 | E57: =IF(B57=B56,"1","0") -> 0 | F57: 0 | H57: 36 | I57: 76 | M57: =IF(OR(O57,D57=""),"","/*"&D57&" " & B57 &" */"""&Q57&""",//"&T57) -> /*37 jo5c00007 */"https://doi.org/10.1021/acs.joc.5c00007.s001",//C3-Heteroarylation of Indoles via Cu(II)-Catalyzed Aminocupration and Subsequent Nucleophilic Addition of o‑Alkynylanilines | N57: =VLOOKUP(W57,AA:AB,2,FALSE) -> #N/A | O57: =NOT(ISNA(VLOOKUP(W57,AA:AA,1,FALSE))) -> FALSE | P57: https://acs.figshare.com/articles/dataset/C3-Heteroarylation_of_Indoles_via_Cu_II_-Catalyzed_Aminocupration_and_Subsequent_Nucleophilic_Addition_of_i_o_i_Alkynylanilines/28468142 | Q57: https://doi.org/10.1021/acs.joc.5c00007.s001 | R57: =MID(Q57,LEN(Q57)-2,4) -> 001 | S57: =IF(U57=U56,S56,S56+1) -> 40 | T57: =VLOOKUP(Q57,original!B:C,2,FALSE) -> C3-Heteroarylation of Indoles via Cu(II)-Catalyzed Aminocupration and Subsequent Nucleophilic Addition of o‑Alkynylanilines | U57: https://doi.org/10.1021/acs.joc.5c00007 | V57: =SUBSTITUTE(SUBSTITUTE(MID(U57,LEN(U57)-8,100),"c.","jo"),"t.","ol") -> jo5c00007 | W57: =B57&"_si_"&R57&".zip" -> jo5c00007_si_001.zip | X57: =IF(U57<>U56,P57,X56&"\t"&P57) -> https://acs.figshare.com/articles/dataset/C3-Heteroarylation_of_Indoles_via_Cu_II_-Catalyzed_Aminocupration_and_Subsequent_Nucleophilic_Addition_of_i_o_i_Alkynylanilines/28468142 | Y57: =IF(U57<>U58,$Y$1&" --pubDOI "& U57&" --dataDOI """&SUBSTITUTE(U57&X57&"""","https://doi.org/",""),"") -> --localSource c:/temp/acs2/data --targetDir c:/temp/acs2/$DOI$ --noDownload --readOnly --pubDOI https://doi.org/10.1021/acs.joc.5c00007 --dataDOI "10.1021/acs.joc.5c00007https://acs.figshare.com/articles/dataset/C3-Heteroarylation_of_Indoles_via_Cu_II_-Catalyzed_Aminocupration_and_Subsequent_Nucleophilic_Addition_of_i_o_i_Alkynylanilines/28468142" | Z57: ="<br><a href="""&Q57&""">"&Q57&"</a>" -> <br><a href="https://doi.org/10.1021/acs.joc.5c00007.s001">https://doi.org/10.1021/acs.joc.5c00007.s001</a> | AA57: =IF(AB57="","",MID(AB57,1,LEN(AB57)-4)&".zip") -> jo5c02577_si_001.zip | AB57: jo5c02577_si_001.pdb
A58: 57 | B58: =V58 -> jo5c00061 | C58: =IF(Y58="","",IF(OR(O58,F58=1,M58=""),"#"&B58 &" "&G58,B58&IF(G58="",""," # " &G58))) -> jo5c00061 | D58: =IF(F58=1,"",IF(AND(D57="",S57=S58),"",S58-SUM(F$2:F57))) -> 38 | E58: =IF(B58=B57,"1","0") -> 0 | F58: 0 | H58: 52 | I58: 144 | J58: 57 | M58: =IF(OR(O58,D58=""),"","/*"&D58&" " & B58 &" */"""&Q58&""",//"&T58) -> /*38 jo5c00061 */"https://doi.org/10.1021/acs.joc.5c00061.s002",//Dynamically Generated Carbenium Species via Photoisomerization of Cyclic Alkenes: Mild Friedel–Crafts Alkylation | N58: =VLOOKUP(W58,AA:AB,2,FALSE) -> #N/A | O58: =NOT(ISNA(VLOOKUP(W58,AA:AA,1,FALSE))) -> FALSE | P58: https://acs.figshare.com/articles/dataset/Dynamically_Generated_Carbenium_Species_via_Photoisomerization_of_Cyclic_Alkenes_Mild_Friedel_Crafts_Alkylation/28540608 | Q58: https://doi.org/10.1021/acs.joc.5c00061.s002 | R58: =MID(Q58,LEN(Q58)-2,4) -> 002 | S58: =IF(U58=U57,S57,S57+1) -> 41 | T58: =VLOOKUP(Q58,original!B:C,2,FALSE) -> Dynamically Generated Carbenium Species via Photoisomerization of Cyclic Alkenes: Mild Friedel–Crafts Alkylation | U58: https://doi.org/10.1021/acs.joc.5c00061 | V58: =SUBSTITUTE(SUBSTITUTE(MID(U58,LEN(U58)-8,100),"c.","jo"),"t.","ol") -> jo5c00061 | W58: =B58&"_si_"&R58&".zip" -> jo5c00061_si_002.zip | X58: =IF(U58<>U57,P58,X57&"\t"&P58) -> https://acs.figshare.com/articles/dataset/Dynamically_Generated_Carbenium_Species_via_Photoisomerization_of_Cyclic_Alkenes_Mild_Friedel_Crafts_Alkylation/28540608 | Y58: =IF(U58<>U59,$Y$1&" --pubDOI "& U58&" --dataDOI """&SUBSTITUTE(U58&X58&"""","https://doi.org/",""),"") -> --localSource c:/temp/acs2/data --targetDir c:/temp/acs2/$DOI$ --noDownload --readOnly --pubDOI https://doi.org/10.1021/acs.joc.5c00061 --dataDOI "10.1021/acs.joc.5c00061https://acs.figshare.com/articles/dataset/Dynamically_Generated_Carbenium_Species_via_Photoisomerization_of_Cyclic_Alkenes_Mild_Friedel_Crafts_Alkylation/28540608" | Z58: ="<br><a href="""&Q58&""">"&Q58&"</a>" -> <br><a href="https://doi.org/10.1021/acs.joc.5c00061.s002">https://doi.org/10.1021/acs.joc.5c00061.s002</a> | AA58: =IF(AB58="","",MID(AB58,1,LEN(AB58)-4)&".zip") -> jo5c02577_si_002.zip | AB58: jo5c02577_si_002.pdb
A59: 58 | B59: =V59 -> jo5c00092 | C59: =IF(Y59="","",IF(OR(O59,F59=1,M59=""),"#"&B59 &" "&G59,B59&IF(G59="",""," # " &G59))) -> #jo5c00092 CALCULATION ONLY XYZ | D59: =IF(F59=1,"",IF(AND(D58="",S58=S59),"",S59-SUM(F$2:F58))) | E59: =IF(B59=B58,"1","0") -> 0 | F59: 1 | G59: CALCULATION ONLY XYZ | M59: =IF(OR(O59,D59=""),"","/*"&D59&" " & B59 &" */"""&Q59&""",//"&T59) | N59: =VLOOKUP(W59,AA:AB,2,FALSE) -> #N/A | O59: =NOT(ISNA(VLOOKUP(W59,AA:AA,1,FALSE))) -> FALSE | P59: https://acs.figshare.com/articles/dataset/Hydrogen_Atom_Transfer-Based_C_sp_sup_3_sup_H_Bond_Oxygenation_of_Lactams_and_Cycloalkenes_The_Influence_of_Ring_Size_on_Reactivity_and_Site_Selectivity/28742151 | Q59: https://doi.org/10.1021/acs.joc.5c00092.s002 | R59: =MID(Q59,LEN(Q59)-2,4) -> 002 | S59: =IF(U59=U58,S58,S58+1) -> 42 | T59: =VLOOKUP(Q59,original!B:C,2,FALSE) -> Hydrogen Atom Transfer-Based C(sp3)–H Bond Oxygenation of Lactams and Cycloalkenes: The Influence of Ring Size on Reactivity and Site Selectivity | U59: https://doi.org/10.1021/acs.joc.5c00092 | V59: =SUBSTITUTE(SUBSTITUTE(MID(U59,LEN(U59)-8,100),"c.","jo"),"t.","ol") -> jo5c00092 | W59: =B59&"_si_"&R59&".zip" -> jo5c00092_si_002.zip | X59: =IF(U59<>U58,P59,X58&"\t"&P59) -> https://acs.figshare.com/articles/dataset/Hydrogen_Atom_Transfer-Based_C_sp_sup_3_sup_H_Bond_Oxygenation_of_Lactams_and_Cycloalkenes_The_Influence_of_Ring_Size_on_Reactivity_and_Site_Selectivity/28742151 | Y59: =IF(U59<>U60,$Y$1&" --pubDOI "& U59&" --dataDOI """&SUBSTITUTE(U59&X59&"""","https://doi.org/",""),"") -> --localSource c:/temp/acs2/data --targetDir c:/temp/acs2/$DOI$ --noDownload --readOnly --pubDOI https://doi.org/10.1021/acs.joc.5c00092 --dataDOI "10.1021/acs.joc.5c00092https://acs.figshare.com/articles/dataset/Hydrogen_Atom_Transfer-Based_C_sp_sup_3_sup_H_Bond_Oxygenation_of_Lactams_and_Cycloalkenes_The_Influence_of_Ring_Size_on_Reactivity_and_Site_Selectivity/28742151" | Z59: ="<br><a href="""&Q59&""">"&Q59&"</a>" -> <br><a href="https://doi.org/10.1021/acs.joc.5c00092.s002">https://doi.org/10.1021/acs.joc.5c00092.s002</a> | AA59: =IF(AB59="","",MID(AB59,1,LEN(AB59)-4)&".zip") -> jo5c02577_si_003.zip | AB59: jo5c02577_si_003.pdb
A60: 59 | B60: =V60 -> jo5c00117 | C60: =IF(Y60="","",IF(OR(O60,F60=1,M60=""),"#"&B60 &" "&G60,B60&IF(G60="",""," # " &G60))) -> jo5c00117 | D60: =IF(F60=1,"",IF(AND(D59="",S59=S60),"",S60-SUM(F$2:F59))) -> 39 | E60: =IF(B60=B59,"1","0") -> 0 | F60: 0 | H60: 61 | I60: 61 | J60: 26 | M60: =IF(OR(O60,D60=""),"","/*"&D60&" " & B60 &" */"""&Q60&""",//"&T60) -> /*39 jo5c00117 */"https://doi.org/10.1021/acs.joc.5c00117.s002",//Sodium Poly(heptazine imide)-Enabled Oxytrifluoromethylation of Alkenes for the Synthesis of α‑CF3 Ketones | N60: =VLOOKUP(W60,AA:AB,2,FALSE) -> #N/A | O60: =NOT(ISNA(VLOOKUP(W60,AA:AA,1,FALSE))) -> FALSE | P60: https://acs.figshare.com/articles/dataset/Sodium_Poly_heptazine_imide_-Enabled_Oxytrifluoromethylation_of_Alkenes_for_the_Synthesis_of_CF_sub_3_sub_Ketones/28690645 | Q60: https://doi.org/10.1021/acs.joc.5c00117.s002 | R60: =MID(Q60,LEN(Q60)-2,4) -> 002 | S60: =IF(U60=U59,S59,S59+1) -> 43 | T60: =VLOOKUP(Q60,original!B:C,2,FALSE) -> Sodium Poly(heptazine imide)-Enabled Oxytrifluoromethylation of Alkenes for the Synthesis of α‑CF3 Ketones | U60: https://doi.org/10.1021/acs.joc.5c00117 | V60: =SUBSTITUTE(SUBSTITUTE(MID(U60,LEN(U60)-8,100),"c.","jo"),"t.","ol") -> jo5c00117 | W60: =B60&"_si_"&R60&".zip" -> jo5c00117_si_002.zip | X60: =IF(U60<>U59,P60,X59&"\t"&P60) -> https://acs.figshare.com/articles/dataset/Sodium_Poly_heptazine_imide_-Enabled_Oxytrifluoromethylation_of_Alkenes_for_the_Synthesis_of_CF_sub_3_sub_Ketones/28690645 | Y60: =IF(U60<>U61,$Y$1&" --pubDOI "& U60&" --dataDOI """&SUBSTITUTE(U60&X60&"""","https://doi.org/",""),"") -> --localSource c:/temp/acs2/data --targetDir c:/temp/acs2/$DOI$ --noDownload --readOnly --pubDOI https://doi.org/10.1021/acs.joc.5c00117 --dataDOI "10.1021/acs.joc.5c00117https://acs.figshare.com/articles/dataset/Sodium_Poly_heptazine_imide_-Enabled_Oxytrifluoromethylation_of_Alkenes_for_the_Synthesis_of_CF_sub_3_sub_Ketones/28690645" | Z60: ="<br><a href="""&Q60&""">"&Q60&"</a>" -> <br><a href="https://doi.org/10.1021/acs.joc.5c00117.s002">https://doi.org/10.1021/acs.joc.5c00117.s002</a> | AA60: =IF(AB60="","",MID(AB60,1,LEN(AB60)-4)&".zip") -> jo5c02700_si_002.zip | AB60: jo5c02700_si_002.xyz
A61: 60 | B61: =V61 -> jo5c00149 | C61: =IF(Y61="","",IF(OR(O61,F61=1,M61=""),"#"&B61 &" "&G61,B61&IF(G61="",""," # " &G61))) -> jo5c00149 | D61: =IF(F61=1,"",IF(AND(D60="",S60=S61),"",S61-SUM(F$2:F60))) -> 40 | E61: =IF(B61=B60,"1","0") -> 0 | F61: 0 | H61: 38 | I61: 77 | M61: =IF(OR(O61,D61=""),"","/*"&D61&" " & B61 &" */"""&Q61&""",//"&T61) -> /*40 jo5c00149 */"https://doi.org/10.1021/acs.joc.5c00149.s002",//Photoinduced Cascade Synthesis of Oxindoles and Isoquinolinediones | N61: =VLOOKUP(W61,AA:AB,2,FALSE) -> #N/A | O61: =NOT(ISNA(VLOOKUP(W61,AA:AA,1,FALSE))) -> FALSE | P61: https://acs.figshare.com/articles/dataset/Photoinduced_Cascade_Synthesis_of_Oxindoles_and_Isoquinolinediones/28629181 | Q61: https://doi.org/10.1021/acs.joc.5c00149.s002 | R61: =MID(Q61,LEN(Q61)-2,4) -> 002 | S61: =IF(U61=U60,S60,S60+1) -> 44 | T61: =VLOOKUP(Q61,original!B:C,2,FALSE) -> Photoinduced Cascade Synthesis of Oxindoles and Isoquinolinediones | U61: https://doi.org/10.1021/acs.joc.5c00149 | V61: =SUBSTITUTE(SUBSTITUTE(MID(U61,LEN(U61)-8,100),"c.","jo"),"t.","ol") -> jo5c00149 | W61: =B61&"_si_"&R61&".zip" -> jo5c00149_si_002.zip | X61: =IF(U61<>U60,P61,X60&"\t"&P61) -> https://acs.figshare.com/articles/dataset/Photoinduced_Cascade_Synthesis_of_Oxindoles_and_Isoquinolinediones/28629181 | Y61: =IF(U61<>U62,$Y$1&" --pubDOI "& U61&" --dataDOI """&SUBSTITUTE(U61&X61&"""","https://doi.org/",""),"") -> --localSource c:/temp/acs2/data --targetDir c:/temp/acs2/$DOI$ --noDownload --readOnly --pubDOI https://doi.org/10.1021/acs.joc.5c00149 --dataDOI "10.1021/acs.joc.5c00149https://acs.figshare.com/articles/dataset/Photoinduced_Cascade_Synthesis_of_Oxindoles_and_Isoquinolinediones/28629181" | Z61: ="<br><a href="""&Q61&""">"&Q61&"</a>" -> <br><a href="https://doi.org/10.1021/acs.joc.5c00149.s002">https://doi.org/10.1021/acs.joc.5c00149.s002</a> | AA61: =IF(AB61="","",MID(AB61,1,LEN(AB61)-4)&".zip")
A62: 61 | B62: =V62 -> jo5c00156 | C62: =IF(Y62="","",IF(OR(O62,F62=1,M62=""),"#"&B62 &" "&G62,B62&IF(G62="",""," # " &G62))) -> jo5c00156 | D62: =IF(F62=1,"",IF(AND(D61="",S61=S62),"",S62-SUM(F$2:F61))) -> 41 | E62: =IF(B62=B61,"1","0") -> 0 | F62: 0 | H62: 62 | I62: 62 | M62: =IF(OR(O62,D62=""),"","/*"&D62&" " & B62 &" */"""&Q62&""",//"&T62) -> /*41 jo5c00156 */"https://doi.org/10.1021/acs.joc.5c00156.s002",//Regioselective Synthesis of (E)‑3-((Alkylamino)methylene)-2-thioxothiochroman-4-one Derivatives and Their Regioselective Cycloaddition with Alkynes | N62: =VLOOKUP(W62,AA:AB,2,FALSE) -> #N/A | O62: =NOT(ISNA(VLOOKUP(W62,AA:AA,1,FALSE))) -> FALSE | P62: https://acs.figshare.com/articles/dataset/Regioselective_Synthesis_of_i_E_i_3-_Alkylamino_methylene_-2-thioxothiochroman-4-one_Derivatives_and_Their_Regioselective_Cycloaddition_with_Alkynes/29366711 | Q62: https://doi.org/10.1021/acs.joc.5c00156.s002 | R62: =MID(Q62,LEN(Q62)-2,4) -> 002 | S62: =IF(U62=U61,S61,S61+1) -> 45 | T62: =VLOOKUP(Q62,original!B:C,2,FALSE) -> Regioselective Synthesis of (E)‑3-((Alkylamino)methylene)-2-thioxothiochroman-4-one Derivatives and Their Regioselective Cycloaddition with Alkynes | U62: https://doi.org/10.1021/acs.joc.5c00156 | V62: =SUBSTITUTE(SUBSTITUTE(MID(U62,LEN(U62)-8,100),"c.","jo"),"t.","ol") -> jo5c00156 | W62: =B62&"_si_"&R62&".zip" -> jo5c00156_si_002.zip | X62: =IF(U62<>U61,P62,X61&"\t"&P62) -> https://acs.figshare.com/articles/dataset/Regioselective_Synthesis_of_i_E_i_3-_Alkylamino_methylene_-2-thioxothiochroman-4-one_Derivatives_and_Their_Regioselective_Cycloaddition_with_Alkynes/29366711 | Y62: =IF(U62<>U63,$Y$1&" --pubDOI "& U62&" --dataDOI """&SUBSTITUTE(U62&X62&"""","https://doi.org/",""),"") -> --localSource c:/temp/acs2/data --targetDir c:/temp/acs2/$DOI$ --noDownload --readOnly --pubDOI https://doi.org/10.1021/acs.joc.5c00156 --dataDOI "10.1021/acs.joc.5c00156https://acs.figshare.com/articles/dataset/Regioselective_Synthesis_of_i_E_i_3-_Alkylamino_methylene_-2-thioxothiochroman-4-one_Derivatives_and_Their_Regioselective_Cycloaddition_with_Alkynes/29366711" | Z62: ="<br><a href="""&Q62&""">"&Q62&"</a>" -> <br><a href="https://doi.org/10.1021/acs.joc.5c00156.s002">https://doi.org/10.1021/acs.joc.5c00156.s002</a> | AA62: =IF(AB62="","",MID(AB62,1,LEN(AB62)-4)&".zip")
A63: 62 | B63: =V63 -> jo5c00161 | C63: =IF(Y63="","",IF(OR(O63,F63=1,M63=""),"#"&B63 &" "&G63,B63&IF(G63="",""," # " &G63))) -> jo5c00161 | D63: =IF(F63=1,"",IF(AND(D62="",S62=S63),"",S63-SUM(F$2:F62))) -> 42 | E63: =IF(B63=B62,"1","0") -> 0 | F63: 0 | H63: 0 | I63: 0 | M63: =IF(OR(O63,D63=""),"","/*"&D63&" " & B63 &" */"""&Q63&""",//"&T63) -> /*42 jo5c00161 */"https://doi.org/10.1021/acs.joc.5c00161.s002",//Rise of Ketone α‑Hydrolysis: Revisiting SNAcyl, E1cB Mechanisms and Carbon-Based Leaving Groups in One Reaction for Drug-Targeting Applications | N63: =VLOOKUP(W63,AA:AB,2,FALSE) -> #N/A | O63: =NOT(ISNA(VLOOKUP(W63,AA:AA,1,FALSE))) -> FALSE | P63: https://acs.figshare.com/articles/dataset/Rise_of_Ketone_Hydrolysis_Revisiting_S_sub_N_sub_Acyl_E1cB_Mechanisms_and_Carbon-Based_Leaving_Groups_in_One_Reaction_for_Drug-Targeting_Applications/29198281 | Q63: https://doi.org/10.1021/acs.joc.5c00161.s002 | R63: =MID(Q63,LEN(Q63)-2,4) -> 002 | S63: =IF(U63=U62,S62,S62+1) -> 46 | T63: =VLOOKUP(Q63,original!B:C,2,FALSE) -> Rise of Ketone α‑Hydrolysis: Revisiting SNAcyl, E1cB Mechanisms and Carbon-Based Leaving Groups in One Reaction for Drug-Targeting Applications | U63: https://doi.org/10.1021/acs.joc.5c00161 | V63: =SUBSTITUTE(SUBSTITUTE(MID(U63,LEN(U63)-8,100),"c.","jo"),"t.","ol") -> jo5c00161 | W63: =B63&"_si_"&R63&".zip" -> jo5c00161_si_002.zip | X63: =IF(U63<>U62,P63,X62&"\t"&P63) -> https://acs.figshare.com/articles/dataset/Rise_of_Ketone_Hydrolysis_Revisiting_S_sub_N_sub_Acyl_E1cB_Mechanisms_and_Carbon-Based_Leaving_Groups_in_One_Reaction_for_Drug-Targeting_Applications/29198281 | Y63: =IF(U63<>U64,$Y$1&" --pubDOI "& U63&" --dataDOI """&SUBSTITUTE(U63&X63&"""","https://doi.org/",""),"") -> --localSource c:/temp/acs2/data --targetDir c:/temp/acs2/$DOI$ --noDownload --readOnly --pubDOI https://doi.org/10.1021/acs.joc.5c00161 --dataDOI "10.1021/acs.joc.5c00161https://acs.figshare.com/articles/dataset/Rise_of_Ketone_Hydrolysis_Revisiting_S_sub_N_sub_Acyl_E1cB_Mechanisms_and_Carbon-Based_Leaving_Groups_in_One_Reaction_for_Drug-Targeting_Applications/29198281" | Z63: ="<br><a href="""&Q63&""">"&Q63&"</a>" -> <br><a href="https://doi.org/10.1021/acs.joc.5c00161.s002">https://doi.org/10.1021/acs.joc.5c00161.s002</a> | AA63: =IF(AB63="","",MID(AB63,1,LEN(AB63)-4)&".zip")
A64: 63 | B64: =V64 -> jo5c00171 | C64: =IF(Y64="","",IF(OR(O64,F64=1,M64=""),"#"&B64 &" "&G64,B64&IF(G64="",""," # " &G64))) -> jo5c00171 | D64: =IF(F64=1,"",IF(AND(D63="",S63=S64),"",S64-SUM(F$2:F63))) -> 43 | E64: =IF(B64=B63,"1","0") -> 0 | F64: 0 | H64: 44 | I64: 71 | M64: =IF(OR(O64,D64=""),"","/*"&D64&" " & B64 &" */"""&Q64&""",//"&T64) -> /*43 jo5c00171 */"https://doi.org/10.1021/acs.joc.5c00171.s002",//Intramolecular ortho Photocycloaddition of 4‑Substituted 7‑(4′-Alkenyloxy)-1-indanones and Ensuing Reaction Cascades | N64: =VLOOKUP(W64,AA:AB,2,FALSE) -> #N/A | O64: =NOT(ISNA(VLOOKUP(W64,AA:AA,1,FALSE))) -> FALSE | P64: https://acs.figshare.com/articles/dataset/Intramolecular_i_ortho_i_Photocycloaddition_of_4_Substituted_7_4_-Alkenyloxy_-1-indanones_and_Ensuing_Reaction_Cascades/28573998 | Q64: https://doi.org/10.1021/acs.joc.5c00171.s002 | R64: =MID(Q64,LEN(Q64)-2,4) -> 002 | S64: =IF(U64=U63,S63,S63+1) -> 47 | T64: =VLOOKUP(Q64,original!B:C,2,FALSE) -> Intramolecular ortho Photocycloaddition of 4‑Substituted 7‑(4′-Alkenyloxy)-1-indanones and Ensuing Reaction Cascades | U64: https://doi.org/10.1021/acs.joc.5c00171 | V64: =SUBSTITUTE(SUBSTITUTE(MID(U64,LEN(U64)-8,100),"c.","jo"),"t.","ol") -> jo5c00171 | W64: =B64&"_si_"&R64&".zip" -> jo5c00171_si_002.zip | X64: =IF(U64<>U63,P64,X63&"\t"&P64) -> https://acs.figshare.com/articles/dataset/Intramolecular_i_ortho_i_Photocycloaddition_of_4_Substituted_7_4_-Alkenyloxy_-1-indanones_and_Ensuing_Reaction_Cascades/28573998 | Y64: =IF(U64<>U65,$Y$1&" --pubDOI "& U64&" --dataDOI """&SUBSTITUTE(U64&X64&"""","https://doi.org/",""),"") -> --localSource c:/temp/acs2/data --targetDir c:/temp/acs2/$DOI$ --noDownload --readOnly --pubDOI https://doi.org/10.1021/acs.joc.5c00171 --dataDOI "10.1021/acs.joc.5c00171https://acs.figshare.com/articles/dataset/Intramolecular_i_ortho_i_Photocycloaddition_of_4_Substituted_7_4_-Alkenyloxy_-1-indanones_and_Ensuing_Reaction_Cascades/28573998" | Z64: ="<br><a href="""&Q64&""">"&Q64&"</a>" -> <br><a href="https://doi.org/10.1021/acs.joc.5c00171.s002">https://doi.org/10.1021/acs.joc.5c00171.s002</a> | AA64: =IF(AB64="","",MID(AB64,1,LEN(AB64)-4)&".zip")
A65: 64 | B65: =V65 -> jo5c00172 | C65: =IF(Y65="","",IF(OR(O65,F65=1,M65=""),"#"&B65 &" "&G65,B65&IF(G65="",""," # " &G65))) -> #jo5c00172 CALCULATION ONLY XYZ | D65: =IF(F65=1,"",IF(AND(D64="",S64=S65),"",S65-SUM(F$2:F64))) | E65: =IF(B65=B64,"1","0") -> 0 | F65: 1 | G65: CALCULATION ONLY XYZ | M65: =IF(OR(O65,D65=""),"","/*"&D65&" " & B65 &" */"""&Q65&""",//"&T65) | N65: =VLOOKUP(W65,AA:AB,2,FALSE) -> jo5c00172_si_002.xyz | O65: =NOT(ISNA(VLOOKUP(W65,AA:AA,1,FALSE))) -> TRUE | P65: https://acs.figshare.com/articles/dataset/Cu_I_-Catalyzed_Stereoselective_Glycosylation_of_Electron-Deficient_Glycals/29115227 | Q65: https://doi.org/10.1021/acs.joc.5c00172.s002 | R65: =MID(Q65,LEN(Q65)-2,4) -> 002 | S65: =IF(U65=U64,S64,S64+1) -> 48 | T65: =VLOOKUP(Q65,original!B:C,2,FALSE) -> Cu(I)-Catalyzed Stereoselective Glycosylation of “Electron-Deficient” Glycals | U65: https://doi.org/10.1021/acs.joc.5c00172 | V65: =SUBSTITUTE(SUBSTITUTE(MID(U65,LEN(U65)-8,100),"c.","jo"),"t.","ol") -> jo5c00172 | W65: =B65&"_si_"&R65&".zip" -> jo5c00172_si_002.zip | X65: =IF(U65<>U64,P65,X64&"\t"&P65) -> https://acs.figshare.com/articles/dataset/Cu_I_-Catalyzed_Stereoselective_Glycosylation_of_Electron-Deficient_Glycals/29115227 | Y65: =IF(U65<>U66,$Y$1&" --pubDOI "& U65&" --dataDOI """&SUBSTITUTE(U65&X65&"""","https://doi.org/",""),"") -> --localSource c:/temp/acs2/data --targetDir c:/temp/acs2/$DOI$ --noDownload --readOnly --pubDOI https://doi.org/10.1021/acs.joc.5c00172 --dataDOI "10.1021/acs.joc.5c00172https://acs.figshare.com/articles/dataset/Cu_I_-Catalyzed_Stereoselective_Glycosylation_of_Electron-Deficient_Glycals/29115227" | Z65: ="<br><a href="""&Q65&""">"&Q65&"</a>" -> <br><a href="https://doi.org/10.1021/acs.joc.5c00172.s002">https://doi.org/10.1021/acs.joc.5c00172.s002</a> | AA65: =IF(AB65="","",MID(AB65,1,LEN(AB65)-4)&".zip")
A66: 65 | B66: =V66 -> jo5c00184 | C66: =IF(Y66="","",IF(OR(O66,F66=1,M66=""),"#"&B66 &" "&G66,B66&IF(G66="",""," # " &G66))) -> jo5c00184 | D66: =IF(F66=1,"",IF(AND(D65="",S65=S66),"",S66-SUM(F$2:F65))) -> 44 | E66: =IF(B66=B65,"1","0") -> 0 | F66: 0 | H66: 164 | I66: 164 | M66: =IF(OR(O66,D66=""),"","/*"&D66&" " & B66 &" */"""&Q66&""",//"&T66) -> /*44 jo5c00184 */"https://doi.org/10.1021/acs.joc.5c00184.s002",//Palladium Catalyst-Controlled Regiodivergent C–H Arylation of Thiazoles | N66: =VLOOKUP(W66,AA:AB,2,FALSE) -> #N/A | O66: =NOT(ISNA(VLOOKUP(W66,AA:AA,1,FALSE))) -> FALSE | P66: https://acs.figshare.com/articles/dataset/Palladium_Catalyst-Controlled_Regiodivergent_C_H_Arylation_of_Thiazoles/29255810 | Q66: https://doi.org/10.1021/acs.joc.5c00184.s002 | R66: =MID(Q66,LEN(Q66)-2,4) -> 002 | S66: =IF(U66=U65,S65,S65+1) -> 49 | T66: =VLOOKUP(Q66,original!B:C,2,FALSE) -> Palladium Catalyst-Controlled Regiodivergent C–H Arylation of Thiazoles | U66: https://doi.org/10.1021/acs.joc.5c00184 | V66: =SUBSTITUTE(SUBSTITUTE(MID(U66,LEN(U66)-8,100),"c.","jo"),"t.","ol") -> jo5c00184 | W66: =B66&"_si_"&R66&".zip" -> jo5c00184_si_002.zip | X66: =IF(U66<>U65,P66,X65&"\t"&P66) -> https://acs.figshare.com/articles/dataset/Palladium_Catalyst-Controlled_Regiodivergent_C_H_Arylation_of_Thiazoles/29255810 | Y66: =IF(U66<>U67,$Y$1&" --pubDOI "& U66&" --dataDOI """&SUBSTITUTE(U66&X66&"""","https://doi.org/",""),"") -> --localSource c:/temp/acs2/data --targetDir c:/temp/acs2/$DOI$ --noDownload --readOnly --pubDOI https://doi.org/10.1021/acs.joc.5c00184 --dataDOI "10.1021/acs.joc.5c00184https://acs.figshare.com/articles/dataset/Palladium_Catalyst-Controlled_Regiodivergent_C_H_Arylation_of_Thiazoles/29255810" | Z66: ="<br><a href="""&Q66&""">"&Q66&"</a>" -> <br><a href="https://doi.org/10.1021/acs.joc.5c00184.s002">https://doi.org/10.1021/acs.joc.5c00184.s002</a> | AA66: =IF(AB66="","",MID(AB66,1,LEN(AB66)-4)&".zip")
A67: 66 | B67: =V67 -> jo5c00188 | C67: =IF(Y67="","",IF(OR(O67,F67=1,M67=""),"#"&B67 &" "&G67,B67&IF(G67="",""," # " &G67))) -> jo5c00188 | D67: =IF(F67=1,"",IF(AND(D66="",S66=S67),"",S67-SUM(F$2:F66))) -> 45 | E67: =IF(B67=B66,"1","0") -> 0 | F67: 0 | H67: 38 | I67: 76 | M67: =IF(OR(O67,D67=""),"","/*"&D67&" " & B67 &" */"""&Q67&""",//"&T67) -> /*45 jo5c00188 */"https://doi.org/10.1021/acs.joc.5c00188.s001",//Synthesis of Sulfonylthiophenes through [3+2] Cycloaddition of Pyridinium 1,4-Zwitterionic Thiolates with (E)‑β-Iodovinyl Sulfones or Bromoallylsulfones | N67: =VLOOKUP(W67,AA:AB,2,FALSE) -> #N/A | O67: =NOT(ISNA(VLOOKUP(W67,AA:AA,1,FALSE))) -> FALSE | P67: https://acs.figshare.com/articles/dataset/Synthesis_of_Sulfonylthiophenes_through_3_2_Cycloaddition_of_Pyridinium_1_4-Zwitterionic_Thiolates_with_i_E_i_-Iodovinyl_Sulfones_or_Bromoallylsulfones/28945656 | Q67: https://doi.org/10.1021/acs.joc.5c00188.s001 | R67: =MID(Q67,LEN(Q67)-2,4) -> 001 | S67: =IF(U67=U66,S66,S66+1) -> 50 | T67: =VLOOKUP(Q67,original!B:C,2,FALSE) -> Synthesis of Sulfonylthiophenes through [3+2] Cycloaddition of Pyridinium 1,4-Zwitterionic Thiolates with (E)‑β-Iodovinyl Sulfones or Bromoallylsulfones | U67: https://doi.org/10.1021/acs.joc.5c00188 | V67: =SUBSTITUTE(SUBSTITUTE(MID(U67,LEN(U67)-8,100),"c.","jo"),"t.","ol") -> jo5c00188 | W67: =B67&"_si_"&R67&".zip" -> jo5c00188_si_001.zip | X67: =IF(U67<>U66,P67,X66&"\t"&P67) -> https://acs.figshare.com/articles/dataset/Synthesis_of_Sulfonylthiophenes_through_3_2_Cycloaddition_of_Pyridinium_1_4-Zwitterionic_Thiolates_with_i_E_i_-Iodovinyl_Sulfones_or_Bromoallylsulfones/28945656 | Y67: =IF(U67<>U68,$Y$1&" --pubDOI "& U67&" --dataDOI """&SUBSTITUTE(U67&X67&"""","https://doi.org/",""),"") -> --localSource c:/temp/acs2/data --targetDir c:/temp/acs2/$DOI$ --noDownload --readOnly --pubDOI https://doi.org/10.1021/acs.joc.5c00188 --dataDOI "10.1021/acs.joc.5c00188https://acs.figshare.com/articles/dataset/Synthesis_of_Sulfonylthiophenes_through_3_2_Cycloaddition_of_Pyridinium_1_4-Zwitterionic_Thiolates_with_i_E_i_-Iodovinyl_Sulfones_or_Bromoallylsulfones/28945656" | Z67: ="<br><a href="""&Q67&""">"&Q67&"</a>" -> <br><a href="https://doi.org/10.1021/acs.joc.5c00188.s001">https://doi.org/10.1021/acs.joc.5c00188.s001</a> | AA67: =IF(AB67="","",MID(AB67,1,LEN(AB67)-4)&".zip")
A68: 67 | B68: =V68 -> jo5c00189 | C68: =IF(Y68="","",IF(OR(O68,F68=1,M68=""),"#"&B68 &" "&G68,B68&IF(G68="",""," # " &G68))) -> jo5c00189 | D68: =IF(F68=1,"",IF(AND(D67="",S67=S68),"",S68-SUM(F$2:F67))) -> 46 | E68: =IF(B68=B67,"1","0") -> 0 | F68: 0 | H68: 44 | I68: 99 | M68: =IF(OR(O68,D68=""),"","/*"&D68&" " & B68 &" */"""&Q68&""",//"&T68) -> /*46 jo5c00189 */"https://doi.org/10.1021/acs.joc.5c00189.s002",//Synthesis of Phenanthrenes and Naphthoquinone Fused Benzoxepines via Hauser–Kraus Annulation of Sulfonylphthalide with Morita–Baylis–Hillman Adducts of Nitroalkenes | N68: =VLOOKUP(W68,AA:AB,2,FALSE) -> #N/A | O68: =NOT(ISNA(VLOOKUP(W68,AA:AA,1,FALSE))) -> FALSE | P68: https://acs.figshare.com/articles/dataset/Synthesis_of_Phenanthrenes_and_Naphthoquinone_Fused_Benzoxepines_via_Hauser_Kraus_Annulation_of_Sulfonylphthalide_with_Morita_Baylis_Hillman_Adducts_of_Nitroalkenes/28795867 | Q68: https://doi.org/10.1021/acs.joc.5c00189.s002 | R68: =MID(Q68,LEN(Q68)-2,4) -> 002 | S68: =IF(U68=U67,S67,S67+1) -> 51 | T68: =VLOOKUP(Q68,original!B:C,2,FALSE) -> Synthesis of Phenanthrenes and Naphthoquinone Fused Benzoxepines via Hauser–Kraus Annulation of Sulfonylphthalide with Morita–Baylis–Hillman Adducts of Nitroalkenes | U68: https://doi.org/10.1021/acs.joc.5c00189 | V68: =SUBSTITUTE(SUBSTITUTE(MID(U68,LEN(U68)-8,100),"c.","jo"),"t.","ol") -> jo5c00189 | W68: =B68&"_si_"&R68&".zip" -> jo5c00189_si_002.zip | X68: =IF(U68<>U67,P68,X67&"\t"&P68) -> https://acs.figshare.com/articles/dataset/Synthesis_of_Phenanthrenes_and_Naphthoquinone_Fused_Benzoxepines_via_Hauser_Kraus_Annulation_of_Sulfonylphthalide_with_Morita_Baylis_Hillman_Adducts_of_Nitroalkenes/28795867 | Y68: =IF(U68<>U69,$Y$1&" --pubDOI "& U68&" --dataDOI """&SUBSTITUTE(U68&X68&"""","https://doi.org/",""),"") -> --localSource c:/temp/acs2/data --targetDir c:/temp/acs2/$DOI$ --noDownload --readOnly --pubDOI https://doi.org/10.1021/acs.joc.5c00189 --dataDOI "10.1021/acs.joc.5c00189https://acs.figshare.com/articles/dataset/Synthesis_of_Phenanthrenes_and_Naphthoquinone_Fused_Benzoxepines_via_Hauser_Kraus_Annulation_of_Sulfonylphthalide_with_Morita_Baylis_Hillman_Adducts_of_Nitroalkenes/28795867" | Z68: ="<br><a href="""&Q68&""">"&Q68&"</a>" -> <br><a href="https://doi.org/10.1021/acs.joc.5c00189.s002">https://doi.org/10.1021/acs.joc.5c00189.s002</a> | AA68: =IF(AB68="","",MID(AB68,1,LEN(AB68)-4)&".zip")
A69: 68 | B69: =V69 -> jo5c00193 | C69: =IF(Y69="","",IF(OR(O69,F69=1,M69=""),"#"&B69 &" "&G69,B69&IF(G69="",""," # " &G69))) -> jo5c00193 | D69: =IF(F69=1,"",IF(AND(D68="",S68=S69),"",S69-SUM(F$2:F68))) -> 47 | E69: =IF(B69=B68,"1","0") -> 0 | F69: 0 | H69: 22 | I69: 69 | M69: =IF(OR(O69,D69=""),"","/*"&D69&" " & B69 &" */"""&Q69&""",//"&T69) -> /*47 jo5c00193 */"https://doi.org/10.1021/acs.joc.5c00193.s002",//Photoinduced Regio- and Stereoselective Hydrotrifluoromethylation of Glycals with Langlois Reagent | N69: =VLOOKUP(W69,AA:AB,2,FALSE) -> #N/A | O69: =NOT(ISNA(VLOOKUP(W69,AA:AA,1,FALSE))) -> FALSE | P69: https://acs.figshare.com/articles/dataset/Photoinduced_Regio-_and_Stereoselective_Hydrotrifluoromethylation_of_Glycals_with_Langlois_Reagent/29053953 | Q69: https://doi.org/10.1021/acs.joc.5c00193.s002 | R69: =MID(Q69,LEN(Q69)-2,4) -> 002 | S69: =IF(U69=U68,S68,S68+1) -> 52 | T69: =VLOOKUP(Q69,original!B:C,2,FALSE) -> Photoinduced Regio- and Stereoselective Hydrotrifluoromethylation of Glycals with Langlois Reagent | U69: https://doi.org/10.1021/acs.joc.5c00193 | V69: =SUBSTITUTE(SUBSTITUTE(MID(U69,LEN(U69)-8,100),"c.","jo"),"t.","ol") -> jo5c00193 | W69: =B69&"_si_"&R69&".zip" -> jo5c00193_si_002.zip | X69: =IF(U69<>U68,P69,X68&"\t"&P69) -> https://acs.figshare.com/articles/dataset/Photoinduced_Regio-_and_Stereoselective_Hydrotrifluoromethylation_of_Glycals_with_Langlois_Reagent/29053953 | Y69: =IF(U69<>U70,$Y$1&" --pubDOI "& U69&" --dataDOI """&SUBSTITUTE(U69&X69&"""","https://doi.org/",""),"") -> --localSource c:/temp/acs2/data --targetDir c:/temp/acs2/$DOI$ --noDownload --readOnly --pubDOI https://doi.org/10.1021/acs.joc.5c00193 --dataDOI "10.1021/acs.joc.5c00193https://acs.figshare.com/articles/dataset/Photoinduced_Regio-_and_Stereoselective_Hydrotrifluoromethylation_of_Glycals_with_Langlois_Reagent/29053953" | Z69: ="<br><a href="""&Q69&""">"&Q69&"</a>" -> <br><a href="https://doi.org/10.1021/acs.joc.5c00193.s002">https://doi.org/10.1021/acs.joc.5c00193.s002</a> | AA69: =IF(AB69="","",MID(AB69,1,LEN(AB69)-4)&".zip")
A70: 69 | B70: =V70 -> jo5c00225 | C70: =IF(Y70="","",IF(OR(O70,F70=1,M70=""),"#"&B70 &" "&G70,B70&IF(G70="",""," # " &G70))) -> #jo5c00225 | D70: =IF(F70=1,"",IF(AND(D69="",S69=S70),"",S70-SUM(F$2:F69))) | E70: =IF(B70=B69,"1","0") -> 0 | F70: 1 | M70: =IF(OR(O70,D70=""),"","/*"&D70&" " & B70 &" */"""&Q70&""",//"&T70) | N70: =VLOOKUP(W70,AA:AB,2,FALSE) -> jo5c00225_si_002.xyz | O70: =NOT(ISNA(VLOOKUP(W70,AA:AA,1,FALSE))) -> TRUE | P70: https://acs.figshare.com/articles/dataset/_i_N_i_Heterocyclic_Carbene-Carbodiimide_NHC-CDI_Adducts_A_Systematic_Investigation_of_Electronic_Modifications_on_Kinetic_and_Thermodynamic_Properties_of_Adduct_Association_and_Dissociation/28830707 | Q70: https://doi.org/10.1021/acs.joc.5c00225.s002 | R70: =MID(Q70,LEN(Q70)-2,4) -> 002 | S70: =IF(U70=U69,S69,S69+1) -> 53 | T70: =VLOOKUP(Q70,original!B:C,2,FALSE) -> N‑Heterocyclic Carbene-Carbodiimide (NHC-CDI) Adducts: A Systematic Investigation of Electronic Modifications on Kinetic and Thermodynamic Properties of Adduct Association and Dissociation | U70: https://doi.org/10.1021/acs.joc.5c00225 | V70: =SUBSTITUTE(SUBSTITUTE(MID(U70,LEN(U70)-8,100),"c.","jo"),"t.","ol") -> jo5c00225 | W70: =B70&"_si_"&R70&".zip" -> jo5c00225_si_002.zip | X70: =IF(U70<>U69,P70,X69&"\t"&P70) -> https://acs.figshare.com/articles/dataset/_i_N_i_Heterocyclic_Carbene-Carbodiimide_NHC-CDI_Adducts_A_Systematic_Investigation_of_Electronic_Modifications_on_Kinetic_and_Thermodynamic_Properties_of_Adduct_Association_and_Dissociation/28830707 | Y70: =IF(U70<>U71,$Y$1&" --pubDOI "& U70&" --dataDOI """&SUBSTITUTE(U70&X70&"""","https://doi.org/",""),"") -> --localSource c:/temp/acs2/data --targetDir c:/temp/acs2/$DOI$ --noDownload --readOnly --pubDOI https://doi.org/10.1021/acs.joc.5c00225 --dataDOI "10.1021/acs.joc.5c00225https://acs.figshare.com/articles/dataset/_i_N_i_Heterocyclic_Carbene-Carbodiimide_NHC-CDI_Adducts_A_Systematic_Investigation_of_Electronic_Modifications_on_Kinetic_and_Thermodynamic_Properties_of_Adduct_Association_and_Dissociation/28830707" | Z70: ="<br><a href="""&Q70&""">"&Q70&"</a>" -> <br><a href="https://doi.org/10.1021/acs.joc.5c00225.s002">https://doi.org/10.1021/acs.joc.5c00225.s002</a> | AA70: =IF(AB70="","",MID(AB70,1,LEN(AB70)-4)&".zip")
A71: 70 | B71: =V71 -> jo5c00228 | C71: =IF(Y71="","",IF(OR(O71,F71=1,M71=""),"#"&B71 &" "&G71,B71&IF(G71="",""," # " &G71))) -> #jo5c00228 DOC FILES ONLY | D71: =IF(F71=1,"",IF(AND(D70="",S70=S71),"",S71-SUM(F$2:F70))) | E71: =IF(B71=B70,"1","0") -> 0 | F71: 1 | G71: DOC FILES ONLY | M71: =IF(OR(O71,D71=""),"","/*"&D71&" " & B71 &" */"""&Q71&""",//"&T71) | N71: =VLOOKUP(W71,AA:AB,2,FALSE) -> #N/A | O71: =NOT(ISNA(VLOOKUP(W71,AA:AA,1,FALSE))) -> FALSE | P71: https://acs.figshare.com/articles/dataset/Electrochemical_Synthesis_of_Lactones_from_the_Intermolecular_Oxidative_Coupling_between_Malonates_and_Styrenes/28605453 | Q71: https://doi.org/10.1021/acs.joc.5c00228.s002 | R71: =MID(Q71,LEN(Q71)-2,4) -> 002 | S71: =IF(U71=U70,S70,S70+1) -> 54 | T71: =VLOOKUP(Q71,original!B:C,2,FALSE) -> Electrochemical Synthesis of γ‑Lactones from the Intermolecular Oxidative Coupling between Malonates and Styrenes | U71: https://doi.org/10.1021/acs.joc.5c00228 | V71: =SUBSTITUTE(SUBSTITUTE(MID(U71,LEN(U71)-8,100),"c.","jo"),"t.","ol") -> jo5c00228 | W71: =B71&"_si_"&R71&".zip" -> jo5c00228_si_002.zip | X71: =IF(U71<>U70,P71,X70&"\t"&P71) -> https://acs.figshare.com/articles/dataset/Electrochemical_Synthesis_of_Lactones_from_the_Intermolecular_Oxidative_Coupling_between_Malonates_and_Styrenes/28605453 | Y71: =IF(U71<>U72,$Y$1&" --pubDOI "& U71&" --dataDOI """&SUBSTITUTE(U71&X71&"""","https://doi.org/",""),"") -> --localSource c:/temp/acs2/data --targetDir c:/temp/acs2/$DOI$ --noDownload --readOnly --pubDOI https://doi.org/10.1021/acs.joc.5c00228 --dataDOI "10.1021/acs.joc.5c00228https://acs.figshare.com/articles/dataset/Electrochemical_Synthesis_of_Lactones_from_the_Intermolecular_Oxidative_Coupling_between_Malonates_and_Styrenes/28605453" | Z71: ="<br><a href="""&Q71&""">"&Q71&"</a>" -> <br><a href="https://doi.org/10.1021/acs.joc.5c00228.s002">https://doi.org/10.1021/acs.joc.5c00228.s002</a> | AA71: =IF(AB71="","",MID(AB71,1,LEN(AB71)-4)&".zip")
A72: 71 | B72: =V72 -> jo5c00246 | C72: =IF(Y72="","",IF(OR(O72,F72=1,M72=""),"#"&B72 &" "&G72,B72&IF(G72="",""," # " &G72))) -> jo5c00246 | D72: =IF(F72=1,"",IF(AND(D71="",S71=S72),"",S72-SUM(F$2:F71))) -> 48 | E72: =IF(B72=B71,"1","0") -> 0 | F72: 0 | H72: 26 | I72: 53 | M72: =IF(OR(O72,D72=""),"","/*"&D72&" " & B72 &" */"""&Q72&""",//"&T72) -> /*48 jo5c00246 */"https://doi.org/10.1021/acs.joc.5c00246.s002",//In Situ Generation and [3 + 2] Annulation Reactions of PropiolaldehydeA Metal-Free, Cascade Route to Pyrazole and Bipyrazole Carboxaldehydes in One Pot | N72: =VLOOKUP(W72,AA:AB,2,FALSE) -> #N/A | O72: =NOT(ISNA(VLOOKUP(W72,AA:AA,1,FALSE))) -> FALSE | P72: https://acs.figshare.com/articles/dataset/In_Situ_Generation_and_3_2_Annulation_Reactions_of_Propiolaldehyde_A_Metal-Free_Cascade_Route_to_Pyrazole_and_Bipyrazole_Carboxaldehydes_in_One_Pot/28950839 | Q72: https://doi.org/10.1021/acs.joc.5c00246.s002 | R72: =MID(Q72,LEN(Q72)-2,4) -> 002 | S72: =IF(U72=U71,S71,S71+1) -> 55 | T72: =VLOOKUP(Q72,original!B:C,2,FALSE) -> In Situ Generation and [3 + 2] Annulation Reactions of PropiolaldehydeA Metal-Free, Cascade Route to Pyrazole and Bipyrazole Carboxaldehydes in One Pot | U72: https://doi.org/10.1021/acs.joc.5c00246 | V72: =SUBSTITUTE(SUBSTITUTE(MID(U72,LEN(U72)-8,100),"c.","jo"),"t.","ol") -> jo5c00246 | W72: =B72&"_si_"&R72&".zip" -> jo5c00246_si_002.zip | X72: =IF(U72<>U71,P72,X71&"\t"&P72) -> https://acs.figshare.com/articles/dataset/In_Situ_Generation_and_3_2_Annulation_Reactions_of_Propiolaldehyde_A_Metal-Free_Cascade_Route_to_Pyrazole_and_Bipyrazole_Carboxaldehydes_in_One_Pot/28950839 | Y72: =IF(U72<>U73,$Y$1&" --pubDOI "& U72&" --dataDOI """&SUBSTITUTE(U72&X72&"""","https://doi.org/",""),"") -> --localSource c:/temp/acs2/data --targetDir c:/temp/acs2/$DOI$ --noDownload --readOnly --pubDOI https://doi.org/10.1021/acs.joc.5c00246 --dataDOI "10.1021/acs.joc.5c00246https://acs.figshare.com/articles/dataset/In_Situ_Generation_and_3_2_Annulation_Reactions_of_Propiolaldehyde_A_Metal-Free_Cascade_Route_to_Pyrazole_and_Bipyrazole_Carboxaldehydes_in_One_Pot/28950839" | Z72: ="<br><a href="""&Q72&""">"&Q72&"</a>" -> <br><a href="https://doi.org/10.1021/acs.joc.5c00246.s002">https://doi.org/10.1021/acs.joc.5c00246.s002</a> | AA72: =IF(AB72="","",MID(AB72,1,LEN(AB72)-4)&".zip")
A73: 72 | B73: =V73 -> jo5c00270 | C73: =IF(Y73="","",IF(OR(O73,F73=1,M73=""),"#"&B73 &" "&G73,B73&IF(G73="",""," # " &G73))) -> jo5c00270 | D73: =IF(F73=1,"",IF(AND(D72="",S72=S73),"",S73-SUM(F$2:F72))) -> 49 | E73: =IF(B73=B72,"1","0") -> 0 | F73: 0 | H73: 82 | I73: 88 | J73: 2 | M73: =IF(OR(O73,D73=""),"","/*"&D73&" " & B73 &" */"""&Q73&""",//"&T73) -> /*49 jo5c00270 */"https://doi.org/10.1021/acs.joc.5c00270.s002",//3,3-Bis(hydroxyaryl)oxindoles and Spirooxindoles Bearing a Xanthene Moiety: Synthesis, Mechanism, and Biological Activity | N73: =VLOOKUP(W73,AA:AB,2,FALSE) -> #N/A | O73: =NOT(ISNA(VLOOKUP(W73,AA:AA,1,FALSE))) -> FALSE | P73: https://acs.figshare.com/articles/dataset/3_3-Bis_hydroxyaryl_oxindoles_and_Spirooxindoles_Bearing_a_Xanthene_Moiety_Synthesis_Mechanism_and_Biological_Activity/28945099 | Q73: https://doi.org/10.1021/acs.joc.5c00270.s002 | R73: =MID(Q73,LEN(Q73)-2,4) -> 002 | S73: =IF(U73=U72,S72,S72+1) -> 56 | T73: =VLOOKUP(Q73,original!B:C,2,FALSE) -> 3,3-Bis(hydroxyaryl)oxindoles and Spirooxindoles Bearing a Xanthene Moiety: Synthesis, Mechanism, and Biological Activity | U73: https://doi.org/10.1021/acs.joc.5c00270 | V73: =SUBSTITUTE(SUBSTITUTE(MID(U73,LEN(U73)-8,100),"c.","jo"),"t.","ol") -> jo5c00270 | W73: =B73&"_si_"&R73&".zip" -> jo5c00270_si_002.zip | X73: =IF(U73<>U72,P73,X72&"\t"&P73) -> https://acs.figshare.com/articles/dataset/3_3-Bis_hydroxyaryl_oxindoles_and_Spirooxindoles_Bearing_a_Xanthene_Moiety_Synthesis_Mechanism_and_Biological_Activity/28945099 | Y73: =IF(U73<>U74,$Y$1&" --pubDOI "& U73&" --dataDOI """&SUBSTITUTE(U73&X73&"""","https://doi.org/",""),"") -> --localSource c:/temp/acs2/data --targetDir c:/temp/acs2/$DOI$ --noDownload --readOnly --pubDOI https://doi.org/10.1021/acs.joc.5c00270 --dataDOI "10.1021/acs.joc.5c00270https://acs.figshare.com/articles/dataset/3_3-Bis_hydroxyaryl_oxindoles_and_Spirooxindoles_Bearing_a_Xanthene_Moiety_Synthesis_Mechanism_and_Biological_Activity/28945099" | Z73: ="<br><a href="""&Q73&""">"&Q73&"</a>" -> <br><a href="https://doi.org/10.1021/acs.joc.5c00270.s002">https://doi.org/10.1021/acs.joc.5c00270.s002</a> | AA73: =IF(AB73="","",MID(AB73,1,LEN(AB73)-4)&".zip")
A74: 73 | B74: =V74 -> jo5c00284 | C74: =IF(Y74="","",IF(OR(O74,F74=1,M74=""),"#"&B74 &" "&G74,B74&IF(G74="",""," # " &G74))) | D74: =IF(F74=1,"",IF(AND(D73="",S73=S74),"",S74-SUM(F$2:F73))) | E74: =IF(B74=B73,"1","0") -> 0 | F74: 1 | G74: xyz,mol,pdb | M74: =IF(OR(O74,D74=""),"","/*"&D74&" " & B74 &" */"""&Q74&""",//"&T74) | N74: =VLOOKUP(W74,AA:AB,2,FALSE) -> #N/A | O74: =NOT(ISNA(VLOOKUP(W74,AA:AA,1,FALSE))) -> FALSE | P74: https://acs.figshare.com/articles/dataset/Deconstruction_of_Desacetamidocolchicine_s_B_Ring_Reveals_a_Class_3_Atropisomeric_AC_Ring_with_Tubulin_Binding_Properties/29154932 | Q74: https://doi.org/10.1021/acs.joc.5c00284.s003 | R74: =MID(Q74,LEN(Q74)-2,4) -> 003 | S74: =IF(U74=U73,S73,S73+1) -> 57 | T74: =VLOOKUP(Q74,original!B:C,2,FALSE) -> Deconstruction of Desacetamidocolchicine’s B Ring Reveals a Class 3 Atropisomeric AC Ring with Tubulin Binding Properties | U74: https://doi.org/10.1021/acs.joc.5c00284 | V74: =SUBSTITUTE(SUBSTITUTE(MID(U74,LEN(U74)-8,100),"c.","jo"),"t.","ol") -> jo5c00284 | W74: =B74&"_si_"&R74&".zip" -> jo5c00284_si_003.zip | X74: =IF(U74<>U73,P74,X73&"\t"&P74) -> https://acs.figshare.com/articles/dataset/Deconstruction_of_Desacetamidocolchicine_s_B_Ring_Reveals_a_Class_3_Atropisomeric_AC_Ring_with_Tubulin_Binding_Properties/29154932 | Y74: =IF(U74<>U75,$Y$1&" --pubDOI "& U74&" --dataDOI """&SUBSTITUTE(U74&X74&"""","https://doi.org/",""),"") | Z74: ="<br><a href="""&Q74&""">"&Q74&"</a>" -> <br><a href="https://doi.org/10.1021/acs.joc.5c00284.s003">https://doi.org/10.1021/acs.joc.5c00284.s003</a> | AA74: =IF(AB74="","",MID(AB74,1,LEN(AB74)-4)&".zip")
A75: 74 | B75: =V75 -> jo5c00284 | C75: =IF(Y75="","",IF(OR(O75,F75=1,M75=""),"#"&B75 &" "&G75,B75&IF(G75="",""," # " &G75))) -> #jo5c00284 | D75: =IF(F75=1,"",IF(AND(D74="",S74=S75),"",S75-SUM(F$2:F74))) | E75: =IF(B75=B74,"1","0") -> 1 | F75: 0 | H75: 0 | I75: 0 | M75: =IF(OR(O75,D75=""),"","/*"&D75&" " & B75 &" */"""&Q75&""",//"&T75) | N75: =VLOOKUP(W75,AA:AB,2,FALSE) -> #N/A | O75: =NOT(ISNA(VLOOKUP(W75,AA:AA,1,FALSE))) -> FALSE | P75: https://acs.figshare.com/articles/dataset/Deconstruction_of_Desacetamidocolchicine_s_B_Ring_Reveals_a_Class_3_Atropisomeric_AC_Ring_with_Tubulin_Binding_Properties/29154935 | Q75: https://doi.org/10.1021/acs.joc.5c00284.s004 | R75: =MID(Q75,LEN(Q75)-2,4) -> 004 | S75: =IF(U75=U74,S74,S74+1) -> 57 | T75: =VLOOKUP(Q75,original!B:C,2,FALSE) -> Deconstruction of Desacetamidocolchicine’s B Ring Reveals a Class 3 Atropisomeric AC Ring with Tubulin Binding Properties | U75: https://doi.org/10.1021/acs.joc.5c00284 | V75: =SUBSTITUTE(SUBSTITUTE(MID(U75,LEN(U75)-8,100),"c.","jo"),"t.","ol") -> jo5c00284 | W75: =B75&"_si_"&R75&".zip" -> jo5c00284_si_004.zip | X75: =IF(U75<>U74,P75,X74&"\t"&P75) -> https://acs.figshare.com/articles/dataset/Deconstruction_of_Desacetamidocolchicine_s_B_Ring_Reveals_a_Class_3_Atropisomeric_AC_Ring_with_Tubulin_Binding_Properties/29154932\thttps://acs.figshare.com/articles/dataset/Deconstruction_of_Desacetamidocolchicine_s_B_Ring_Reveals_a_Class_3_Atropisomeric_AC_Ring_with_Tubulin_Binding_Properties/29154935 | Y75: =IF(U75<>U76,$Y$1&" --pubDOI "& U75&" --dataDOI """&SUBSTITUTE(U75&X75&"""","https://doi.org/",""),"") -> --localSource c:/temp/acs2/data --targetDir c:/temp/acs2/$DOI$ --noDownload --readOnly --pubDOI https://doi.org/10.1021/acs.joc.5c00284 --dataDOI "10.1021/acs.joc.5c00284https://acs.figshare.com/articles/dataset/Deconstruction_of_Desacetamidocolchicine_s_B_Ring_Reveals_a_Class_3_Atropisomeric_AC_Ring_with_Tubulin_Binding_Properties/29154932\thttps://acs.figshare.com/articles/dataset/Deconstruction_of_Desacetamidocolchicine_s_B_Ring_Reveals_a_Class_3_Atropisomeric_AC_Ring_with_Tubulin_Binding_Properties/29154935" | Z75: ="<br><a href="""&Q75&""">"&Q75&"</a>" -> <br><a href="https://doi.org/10.1021/acs.joc.5c00284.s004">https://doi.org/10.1021/acs.joc.5c00284.s004</a> | AA75: =IF(AB75="","",MID(AB75,1,LEN(AB75)-4)&".zip")
A76: 75 | B76: =V76 -> jo5c00316 | C76: =IF(Y76="","",IF(OR(O76,F76=1,M76=""),"#"&B76 &" "&G76,B76&IF(G76="",""," # " &G76))) -> jo5c00316 | D76: =IF(F76=1,"",IF(AND(D75="",S75=S76),"",S76-SUM(F$2:F75))) -> 50 | E76: =IF(B76=B75,"1","0") -> 0 | F76: 0 | H76: 45 | I76: 97 | M76: =IF(OR(O76,D76=""),"","/*"&D76&" " & B76 &" */"""&Q76&""",//"&T76) -> /*50 jo5c00316 */"https://doi.org/10.1021/acs.joc.5c00316.s002",//Base-Assisted and Silica Gel-Promoted Indole-Substituted Indene Synthesis | N76: =VLOOKUP(W76,AA:AB,2,FALSE) -> #N/A | O76: =NOT(ISNA(VLOOKUP(W76,AA:AA,1,FALSE))) -> FALSE | P76: https://acs.figshare.com/articles/dataset/Base-Assisted_and_Silica_Gel-Promoted_Indole-Substituted_Indene_Synthesis/28711997 | Q76: https://doi.org/10.1021/acs.joc.5c00316.s002 | R76: =MID(Q76,LEN(Q76)-2,4) -> 002 | S76: =IF(U76=U75,S75,S75+1) -> 58 | T76: =VLOOKUP(Q76,original!B:C,2,FALSE) -> Base-Assisted and Silica Gel-Promoted Indole-Substituted Indene Synthesis | U76: https://doi.org/10.1021/acs.joc.5c00316 | V76: =SUBSTITUTE(SUBSTITUTE(MID(U76,LEN(U76)-8,100),"c.","jo"),"t.","ol") -> jo5c00316 | W76: =B76&"_si_"&R76&".zip" -> jo5c00316_si_002.zip | X76: =IF(U76<>U75,P76,X75&"\t"&P76) -> https://acs.figshare.com/articles/dataset/Base-Assisted_and_Silica_Gel-Promoted_Indole-Substituted_Indene_Synthesis/28711997 | Y76: =IF(U76<>U77,$Y$1&" --pubDOI "& U76&" --dataDOI """&SUBSTITUTE(U76&X76&"""","https://doi.org/",""),"") -> --localSource c:/temp/acs2/data --targetDir c:/temp/acs2/$DOI$ --noDownload --readOnly --pubDOI https://doi.org/10.1021/acs.joc.5c00316 --dataDOI "10.1021/acs.joc.5c00316https://acs.figshare.com/articles/dataset/Base-Assisted_and_Silica_Gel-Promoted_Indole-Substituted_Indene_Synthesis/28711997" | Z76: ="<br><a href="""&Q76&""">"&Q76&"</a>" -> <br><a href="https://doi.org/10.1021/acs.joc.5c00316.s002">https://doi.org/10.1021/acs.joc.5c00316.s002</a> | AA76: =IF(AB76="","",MID(AB76,1,LEN(AB76)-4)&".zip")
A77: 76 | B77: =V77 -> jo5c00317 | C77: =IF(Y77="","",IF(OR(O77,F77=1,M77=""),"#"&B77 &" "&G77,B77&IF(G77="",""," # " &G77))) | D77: =IF(F77=1,"",IF(AND(D76="",S76=S77),"",S77-SUM(F$2:F76))) -> 51 | E77: =IF(B77=B76,"1","0") -> 0 | F77: 0 | M77: =IF(OR(O77,D77=""),"","/*"&D77&" " & B77 &" */"""&Q77&""",//"&T77) -> /*51 jo5c00317 */"https://doi.org/10.1021/acs.joc.5c00317.s002",//Construction of the Tetracyclic Skeleton of Polycyclic Norcembranoids Sinudenoids B–D Via Ireland-Claisen Rearrangement | N77: =VLOOKUP(W77,AA:AB,2,FALSE) -> #N/A | O77: =NOT(ISNA(VLOOKUP(W77,AA:AA,1,FALSE))) -> FALSE | P77: https://acs.figshare.com/articles/dataset/Construction_of_the_Tetracyclic_Skeleton_of_Polycyclic_Norcembranoids_Sinudenoids_B_D_Via_Ireland-Claisen_Rearrangement/28633720 | Q77: https://doi.org/10.1021/acs.joc.5c00317.s002 | R77: =MID(Q77,LEN(Q77)-2,4) -> 002 | S77: =IF(U77=U76,S76,S76+1) -> 59 | T77: =VLOOKUP(Q77,original!B:C,2,FALSE) -> Construction of the Tetracyclic Skeleton of Polycyclic Norcembranoids Sinudenoids B–D Via Ireland-Claisen Rearrangement | U77: https://doi.org/10.1021/acs.joc.5c00317 | V77: =SUBSTITUTE(SUBSTITUTE(MID(U77,LEN(U77)-8,100),"c.","jo"),"t.","ol") -> jo5c00317 | W77: =B77&"_si_"&R77&".zip" -> jo5c00317_si_002.zip | X77: =IF(U77<>U76,P77,X76&"\t"&P77) -> https://acs.figshare.com/articles/dataset/Construction_of_the_Tetracyclic_Skeleton_of_Polycyclic_Norcembranoids_Sinudenoids_B_D_Via_Ireland-Claisen_Rearrangement/28633720 | Y77: =IF(U77<>U78,$Y$1&" --pubDOI "& U77&" --dataDOI """&SUBSTITUTE(U77&X77&"""","https://doi.org/",""),"") | Z77: ="<br><a href="""&Q77&""">"&Q77&"</a>" -> <br><a href="https://doi.org/10.1021/acs.joc.5c00317.s002">https://doi.org/10.1021/acs.joc.5c00317.s002</a> | AA77: =IF(AB77="","",MID(AB77,1,LEN(AB77)-4)&".zip")
A78: 77 | B78: =V78 -> jo5c00317 | C78: =IF(Y78="","",IF(OR(O78,F78=1,M78=""),"#"&B78 &" "&G78,B78&IF(G78="",""," # " &G78))) | D78: =IF(F78=1,"",IF(AND(D77="",S77=S78),"",S78-SUM(F$2:F77))) -> 51 | E78: =IF(B78=B77,"1","0") -> 1 | F78: 0 | M78: =IF(OR(O78,D78=""),"","/*"&D78&" " & B78 &" */"""&Q78&""",//"&T78) -> /*51 jo5c00317 */"https://doi.org/10.1021/acs.joc.5c00317.s003",//Construction of the Tetracyclic Skeleton of Polycyclic Norcembranoids Sinudenoids B–D Via Ireland-Claisen Rearrangement | N78: =VLOOKUP(W78,AA:AB,2,FALSE) -> #N/A | O78: =NOT(ISNA(VLOOKUP(W78,AA:AA,1,FALSE))) -> FALSE | P78: https://acs.figshare.com/articles/dataset/Construction_of_the_Tetracyclic_Skeleton_of_Polycyclic_Norcembranoids_Sinudenoids_B_D_Via_Ireland-Claisen_Rearrangement/28633723 | Q78: https://doi.org/10.1021/acs.joc.5c00317.s003 | R78: =MID(Q78,LEN(Q78)-2,4) -> 003 | S78: =IF(U78=U77,S77,S77+1) -> 59 | T78: =VLOOKUP(Q78,original!B:C,2,FALSE) -> Construction of the Tetracyclic Skeleton of Polycyclic Norcembranoids Sinudenoids B–D Via Ireland-Claisen Rearrangement | U78: https://doi.org/10.1021/acs.joc.5c00317 | V78: =SUBSTITUTE(SUBSTITUTE(MID(U78,LEN(U78)-8,100),"c.","jo"),"t.","ol") -> jo5c00317 | W78: =B78&"_si_"&R78&".zip" -> jo5c00317_si_003.zip | X78: =IF(U78<>U77,P78,X77&"\t"&P78) -> https://acs.figshare.com/articles/dataset/Construction_of_the_Tetracyclic_Skeleton_of_Polycyclic_Norcembranoids_Sinudenoids_B_D_Via_Ireland-Claisen_Rearrangement/28633720\thttps://acs.figshare.com/articles/dataset/Construction_of_the_Tetracyclic_Skeleton_of_Polycyclic_Norcembranoids_Sinudenoids_B_D_Via_Ireland-Claisen_Rearrangement/28633723 | Y78: =IF(U78<>U79,$Y$1&" --pubDOI "& U78&" --dataDOI """&SUBSTITUTE(U78&X78&"""","https://doi.org/",""),"") | Z78: ="<br><a href="""&Q78&""">"&Q78&"</a>" -> <br><a href="https://doi.org/10.1021/acs.joc.5c00317.s003">https://doi.org/10.1021/acs.joc.5c00317.s003</a> | AA78: =IF(AB78="","",MID(AB78,1,LEN(AB78)-4)&".zip")
A79: 78 | B79: =V79 -> jo5c00317 | C79: =IF(Y79="","",IF(OR(O79,F79=1,M79=""),"#"&B79 &" "&G79,B79&IF(G79="",""," # " &G79))) -> jo5c00317 | D79: =IF(F79=1,"",IF(AND(D78="",S78=S79),"",S79-SUM(F$2:F78))) -> 51 | E79: =IF(B79=B78,"1","0") -> 1 | F79: 0 | H79: 14 | I79: 28 | M79: =IF(OR(O79,D79=""),"","/*"&D79&" " & B79 &" */"""&Q79&""",//"&T79) -> /*51 jo5c00317 */"https://doi.org/10.1021/acs.joc.5c00317.s004",//Construction of the Tetracyclic Skeleton of Polycyclic Norcembranoids Sinudenoids B–D Via Ireland-Claisen Rearrangement | N79: =VLOOKUP(W79,AA:AB,2,FALSE) -> #N/A | O79: =NOT(ISNA(VLOOKUP(W79,AA:AA,1,FALSE))) -> FALSE | P79: https://acs.figshare.com/articles/dataset/Construction_of_the_Tetracyclic_Skeleton_of_Polycyclic_Norcembranoids_Sinudenoids_B_D_Via_Ireland-Claisen_Rearrangement/28633726 | Q79: https://doi.org/10.1021/acs.joc.5c00317.s004 | R79: =MID(Q79,LEN(Q79)-2,4) -> 004 | S79: =IF(U79=U78,S78,S78+1) -> 59 | T79: =VLOOKUP(Q79,original!B:C,2,FALSE) -> Construction of the Tetracyclic Skeleton of Polycyclic Norcembranoids Sinudenoids B–D Via Ireland-Claisen Rearrangement | U79: https://doi.org/10.1021/acs.joc.5c00317 | V79: =SUBSTITUTE(SUBSTITUTE(MID(U79,LEN(U79)-8,100),"c.","jo"),"t.","ol") -> jo5c00317 | W79: =B79&"_si_"&R79&".zip" -> jo5c00317_si_004.zip | X79: =IF(U79<>U78,P79,X78&"\t"&P79) -> https://acs.figshare.com/articles/dataset/Construction_of_the_Tetracyclic_Skeleton_of_Polycyclic_Norcembranoids_Sinudenoids_B_D_Via_Ireland-Claisen_Rearrangement/28633720\thttps://acs.figshare.com/articles/dataset/Construction_of_the_Tetracyclic_Skeleton_of_Polycyclic_Norcembranoids_Sinudenoids_B_D_Via_Ireland-Claisen_Rearrangement/28633723\thttps://acs.figshare.com/articles/dataset/Construction_of_the_Tetracyclic_Skeleton_of_Polycyclic_Norcembranoids_Sinudenoids_B_D_Via_Ireland-Claisen_Rearrangement/28633726 | Y79: =IF(U79<>U80,$Y$1&" --pubDOI "& U79&" --dataDOI """&SUBSTITUTE(U79&X79&"""","https://doi.org/",""),"") -> --localSource c:/temp/acs2/data --targetDir c:/temp/acs2/$DOI$ --noDownload --readOnly --pubDOI https://doi.org/10.1021/acs.joc.5c00317 --dataDOI "10.1021/acs.joc.5c00317https://acs.figshare.com/articles/dataset/Construction_of_the_Tetracyclic_Skeleton_of_Polycyclic_Norcembranoids_Sinudenoids_B_D_Via_Ireland-Claisen_Rearrangement/28633720\thttps://acs.figshare.com/articles/dataset/Construction_of_the_Tetracyclic_Skeleton_of_Polycyclic_Norcembranoids_Sinudenoids_B_D_Via_Ireland-Claisen_Rearrangement/28633723\thttps://acs.figshare.com/articles/dataset/Construction_of_the_Tetracyclic_Skeleton_of_Polycyclic_Norcembranoids_Sinudenoids_B_D_Via_Ireland-Claisen_Rearrangement/28633726" | Z79: ="<br><a href="""&Q79&""">"&Q79&"</a>" -> <br><a href="https://doi.org/10.1021/acs.joc.5c00317.s004">https://doi.org/10.1021/acs.joc.5c00317.s004</a> | AA79: =IF(AB79="","",MID(AB79,1,LEN(AB79)-4)&".zip")
A80: 79 | B80: =V80 -> jo5c00330 | C80: =IF(Y80="","",IF(OR(O80,F80=1,M80=""),"#"&B80 &" "&G80,B80&IF(G80="",""," # " &G80))) | D80: =IF(F80=1,"",IF(AND(D79="",S79=S80),"",S80-SUM(F$2:F79))) -> 52 | E80: =IF(B80=B79,"1","0") -> 0 | F80: 0 | M80: =IF(OR(O80,D80=""),"","/*"&D80&" " & B80 &" */"""&Q80&""",//"&T80) -> /*52 jo5c00330 */"https://doi.org/10.1021/acs.joc.5c00330.s002",//Synthesis of 3,6-Dihydro‑2H‑thiopyrans from α‑Diazo-β-diketones and Vinylthiiranes via [5 + 1] Annulation | N80: =VLOOKUP(W80,AA:AB,2,FALSE) -> #N/A | O80: =NOT(ISNA(VLOOKUP(W80,AA:AA,1,FALSE))) -> FALSE | P80: https://acs.figshare.com/articles/dataset/Synthesis_of_3_6-Dihydro_2_i_H_i_thiopyrans_from_Diazo-_-diketones_and_Vinylthiiranes_via_5_1_Annulation/29092847 | Q80: https://doi.org/10.1021/acs.joc.5c00330.s002 | R80: =MID(Q80,LEN(Q80)-2,4) -> 002 | S80: =IF(U80=U79,S79,S79+1) -> 60 | T80: =VLOOKUP(Q80,original!B:C,2,FALSE) -> Synthesis of 3,6-Dihydro‑2H‑thiopyrans from α‑Diazo-β-diketones and Vinylthiiranes via [5 + 1] Annulation | U80: https://doi.org/10.1021/acs.joc.5c00330 | V80: =SUBSTITUTE(SUBSTITUTE(MID(U80,LEN(U80)-8,100),"c.","jo"),"t.","ol") -> jo5c00330 | W80: =B80&"_si_"&R80&".zip" -> jo5c00330_si_002.zip | X80: =IF(U80<>U79,P80,X79&"\t"&P80) -> https://acs.figshare.com/articles/dataset/Synthesis_of_3_6-Dihydro_2_i_H_i_thiopyrans_from_Diazo-_-diketones_and_Vinylthiiranes_via_5_1_Annulation/29092847 | Y80: =IF(U80<>U81,$Y$1&" --pubDOI "& U80&" --dataDOI """&SUBSTITUTE(U80&X80&"""","https://doi.org/",""),"") | Z80: ="<br><a href="""&Q80&""">"&Q80&"</a>" -> <br><a href="https://doi.org/10.1021/acs.joc.5c00330.s002">https://doi.org/10.1021/acs.joc.5c00330.s002</a> | AA80: =IF(AB80="","",MID(AB80,1,LEN(AB80)-4)&".zip")
A81: 80 | B81: =V81 -> jo5c00330 | C81: =IF(Y81="","",IF(OR(O81,F81=1,M81=""),"#"&B81 &" "&G81,B81&IF(G81="",""," # " &G81))) -> jo5c00330 | D81: =IF(F81=1,"",IF(AND(D80="",S80=S81),"",S81-SUM(F$2:F80))) -> 52 | E81: =IF(B81=B80,"1","0") -> 1 | F81: 0 | H81: 38 | I81: 88 | J81: 38 | M81: =IF(OR(O81,D81=""),"","/*"&D81&" " & B81 &" */"""&Q81&""",//"&T81) -> /*52 jo5c00330 */"https://doi.org/10.1021/acs.joc.5c00330.s003",//Synthesis of 3,6-Dihydro‑2H‑thiopyrans from α‑Diazo-β-diketones and Vinylthiiranes via [5 + 1] Annulation | N81: =VLOOKUP(W81,AA:AB,2,FALSE) -> #N/A | O81: =NOT(ISNA(VLOOKUP(W81,AA:AA,1,FALSE))) -> FALSE | P81: https://acs.figshare.com/articles/dataset/Synthesis_of_3_6-Dihydro_2_i_H_i_thiopyrans_from_Diazo-_-diketones_and_Vinylthiiranes_via_5_1_Annulation/29092850 | Q81: https://doi.org/10.1021/acs.joc.5c00330.s003 | R81: =MID(Q81,LEN(Q81)-2,4) -> 003 | S81: =IF(U81=U80,S80,S80+1) -> 60 | T81: =VLOOKUP(Q81,original!B:C,2,FALSE) -> Synthesis of 3,6-Dihydro‑2H‑thiopyrans from α‑Diazo-β-diketones and Vinylthiiranes via [5 + 1] Annulation | U81: https://doi.org/10.1021/acs.joc.5c00330 | V81: =SUBSTITUTE(SUBSTITUTE(MID(U81,LEN(U81)-8,100),"c.","jo"),"t.","ol") -> jo5c00330 | W81: =B81&"_si_"&R81&".zip" -> jo5c00330_si_003.zip | X81: =IF(U81<>U80,P81,X80&"\t"&P81) -> https://acs.figshare.com/articles/dataset/Synthesis_of_3_6-Dihydro_2_i_H_i_thiopyrans_from_Diazo-_-diketones_and_Vinylthiiranes_via_5_1_Annulation/29092847\thttps://acs.figshare.com/articles/dataset/Synthesis_of_3_6-Dihydro_2_i_H_i_thiopyrans_from_Diazo-_-diketones_and_Vinylthiiranes_via_5_1_Annulation/29092850 | Y81: =IF(U81<>U82,$Y$1&" --pubDOI "& U81&" --dataDOI """&SUBSTITUTE(U81&X81&"""","https://doi.org/",""),"") -> --localSource c:/temp/acs2/data --targetDir c:/temp/acs2/$DOI$ --noDownload --readOnly --pubDOI https://doi.org/10.1021/acs.joc.5c00330 --dataDOI "10.1021/acs.joc.5c00330https://acs.figshare.com/articles/dataset/Synthesis_of_3_6-Dihydro_2_i_H_i_thiopyrans_from_Diazo-_-diketones_and_Vinylthiiranes_via_5_1_Annulation/29092847\thttps://acs.figshare.com/articles/dataset/Synthesis_of_3_6-Dihydro_2_i_H_i_thiopyrans_from_Diazo-_-diketones_and_Vinylthiiranes_via_5_1_Annulation/29092850" | Z81: ="<br><a href="""&Q81&""">"&Q81&"</a>" -> <br><a href="https://doi.org/10.1021/acs.joc.5c00330.s003">https://doi.org/10.1021/acs.joc.5c00330.s003</a> | AA81: =IF(AB81="","",MID(AB81,1,LEN(AB81)-4)&".zip")
A82: 81 | B82: =V82 -> jo5c00353 | C82: =IF(Y82="","",IF(OR(O82,F82=1,M82=""),"#"&B82 &" "&G82,B82&IF(G82="",""," # " &G82))) | D82: =IF(F82=1,"",IF(AND(D81="",S81=S82),"",S82-SUM(F$2:F81))) | E82: =IF(B82=B81,"1","0") -> 0 | F82: 1 | G82: text | M82: =IF(OR(O82,D82=""),"","/*"&D82&" " & B82 &" */"""&Q82&""",//"&T82) | N82: =VLOOKUP(W82,AA:AB,2,FALSE) -> #N/A | O82: =NOT(ISNA(VLOOKUP(W82,AA:AA,1,FALSE))) -> FALSE | P82: https://acs.figshare.com/articles/dataset/Examining_Kinetics_and_Product_Inhibition_in_the_Catalytic_Intramolecular_Schmidt_Reaction/29119801 | Q82: https://doi.org/10.1021/acs.joc.5c00353.s002 | R82: =MID(Q82,LEN(Q82)-2,4) -> 002 | S82: =IF(U82=U81,S81,S81+1) -> 61 | T82: =VLOOKUP(Q82,original!B:C,2,FALSE) -> Examining Kinetics and Product Inhibition in the Catalytic Intramolecular Schmidt Reaction | U82: https://doi.org/10.1021/acs.joc.5c00353 | V82: =SUBSTITUTE(SUBSTITUTE(MID(U82,LEN(U82)-8,100),"c.","jo"),"t.","ol") -> jo5c00353 | W82: =B82&"_si_"&R82&".zip" -> jo5c00353_si_002.zip | X82: =IF(U82<>U81,P82,X81&"\t"&P82) -> https://acs.figshare.com/articles/dataset/Examining_Kinetics_and_Product_Inhibition_in_the_Catalytic_Intramolecular_Schmidt_Reaction/29119801 | Y82: =IF(U82<>U83,$Y$1&" --pubDOI "& U82&" --dataDOI """&SUBSTITUTE(U82&X82&"""","https://doi.org/",""),"") | Z82: ="<br><a href="""&Q82&""">"&Q82&"</a>" -> <br><a href="https://doi.org/10.1021/acs.joc.5c00353.s002">https://doi.org/10.1021/acs.joc.5c00353.s002</a> | AA82: =IF(AB82="","",MID(AB82,1,LEN(AB82)-4)&".zip")
A83: 82 | B83: =V83 -> jo5c00353 | C83: =IF(Y83="","",IF(OR(O83,F83=1,M83=""),"#"&B83 &" "&G83,B83&IF(G83="",""," # " &G83))) -> #jo5c00353 | D83: =IF(F83=1,"",IF(AND(D82="",S82=S83),"",S83-SUM(F$2:F82))) | E83: =IF(B83=B82,"1","0") -> 1 | F83: 0 | M83: =IF(OR(O83,D83=""),"","/*"&D83&" " & B83 &" */"""&Q83&""",//"&T83) | N83: =VLOOKUP(W83,AA:AB,2,FALSE) -> #N/A | O83: =NOT(ISNA(VLOOKUP(W83,AA:AA,1,FALSE))) -> FALSE | P83: https://acs.figshare.com/articles/dataset/Examining_Kinetics_and_Product_Inhibition_in_the_Catalytic_Intramolecular_Schmidt_Reaction/29119804 | Q83: https://doi.org/10.1021/acs.joc.5c00353.s003 | R83: =MID(Q83,LEN(Q83)-2,4) -> 003 | S83: =IF(U83=U82,S82,S82+1) -> 61 | T83: =VLOOKUP(Q83,original!B:C,2,FALSE) -> Examining Kinetics and Product Inhibition in the Catalytic Intramolecular Schmidt Reaction | U83: https://doi.org/10.1021/acs.joc.5c00353 | V83: =SUBSTITUTE(SUBSTITUTE(MID(U83,LEN(U83)-8,100),"c.","jo"),"t.","ol") -> jo5c00353 | W83: =B83&"_si_"&R83&".zip" -> jo5c00353_si_003.zip | X83: =IF(U83<>U82,P83,X82&"\t"&P83) -> https://acs.figshare.com/articles/dataset/Examining_Kinetics_and_Product_Inhibition_in_the_Catalytic_Intramolecular_Schmidt_Reaction/29119801\thttps://acs.figshare.com/articles/dataset/Examining_Kinetics_and_Product_Inhibition_in_the_Catalytic_Intramolecular_Schmidt_Reaction/29119804 | Y83: =IF(U83<>U84,$Y$1&" --pubDOI "& U83&" --dataDOI """&SUBSTITUTE(U83&X83&"""","https://doi.org/",""),"") -> --localSource c:/temp/acs2/data --targetDir c:/temp/acs2/$DOI$ --noDownload --readOnly --pubDOI https://doi.org/10.1021/acs.joc.5c00353 --dataDOI "10.1021/acs.joc.5c00353https://acs.figshare.com/articles/dataset/Examining_Kinetics_and_Product_Inhibition_in_the_Catalytic_Intramolecular_Schmidt_Reaction/29119801\thttps://acs.figshare.com/articles/dataset/Examining_Kinetics_and_Product_Inhibition_in_the_Catalytic_Intramolecular_Schmidt_Reaction/29119804" | Z83: ="<br><a href="""&Q83&""">"&Q83&"</a>" -> <br><a href="https://doi.org/10.1021/acs.joc.5c00353.s003">https://doi.org/10.1021/acs.joc.5c00353.s003</a> | AA83: =IF(AB83="","",MID(AB83,1,LEN(AB83)-4)&".zip")
A84: 83 | B84: =V84 -> jo5c00369 | C84: =IF(Y84="","",IF(OR(O84,F84=1,M84=""),"#"&B84 &" "&G84,B84&IF(G84="",""," # " &G84))) -> jo5c00369 | D84: =IF(F84=1,"",IF(AND(D83="",S83=S84),"",S84-SUM(F$2:F83))) -> 53 | E84: =IF(B84=B83,"1","0") -> 0 | F84: 0 | H84: 12 | I84: 15 | J84: 4 | M84: =IF(OR(O84,D84=""),"","/*"&D84&" " & B84 &" */"""&Q84&""",//"&T84) -> /*53 jo5c00369 */"https://doi.org/10.1021/acs.joc.5c00369.s002",//Phenyl Spacer Modulation of 2,5-Substituted D–A-Type Siloles for Efficient Nondoped OLEDs | N84: =VLOOKUP(W84,AA:AB,2,FALSE) -> #N/A | O84: =NOT(ISNA(VLOOKUP(W84,AA:AA,1,FALSE))) -> FALSE | P84: https://acs.figshare.com/articles/dataset/Phenyl_Spacer_Modulation_of_2_5-Substituted_D_A-Type_Siloles_for_Efficient_Nondoped_OLEDs/29490752 | Q84: https://doi.org/10.1021/acs.joc.5c00369.s002 | R84: =MID(Q84,LEN(Q84)-2,4) -> 002 | S84: =IF(U84=U83,S83,S83+1) -> 62 | T84: =VLOOKUP(Q84,original!B:C,2,FALSE) -> Phenyl Spacer Modulation of 2,5-Substituted D–A-Type Siloles for Efficient Nondoped OLEDs | U84: https://doi.org/10.1021/acs.joc.5c00369 | V84: =SUBSTITUTE(SUBSTITUTE(MID(U84,LEN(U84)-8,100),"c.","jo"),"t.","ol") -> jo5c00369 | W84: =B84&"_si_"&R84&".zip" -> jo5c00369_si_002.zip | X84: =IF(U84<>U83,P84,X83&"\t"&P84) -> https://acs.figshare.com/articles/dataset/Phenyl_Spacer_Modulation_of_2_5-Substituted_D_A-Type_Siloles_for_Efficient_Nondoped_OLEDs/29490752 | Y84: =IF(U84<>U85,$Y$1&" --pubDOI "& U84&" --dataDOI """&SUBSTITUTE(U84&X84&"""","https://doi.org/",""),"") -> --localSource c:/temp/acs2/data --targetDir c:/temp/acs2/$DOI$ --noDownload --readOnly --pubDOI https://doi.org/10.1021/acs.joc.5c00369 --dataDOI "10.1021/acs.joc.5c00369https://acs.figshare.com/articles/dataset/Phenyl_Spacer_Modulation_of_2_5-Substituted_D_A-Type_Siloles_for_Efficient_Nondoped_OLEDs/29490752" | Z84: ="<br><a href="""&Q84&""">"&Q84&"</a>" -> <br><a href="https://doi.org/10.1021/acs.joc.5c00369.s002">https://doi.org/10.1021/acs.joc.5c00369.s002</a> | AA84: =IF(AB84="","",MID(AB84,1,LEN(AB84)-4)&".zip")
A85: 84 | B85: =V85 -> jo5c00389 | C85: =IF(Y85="","",IF(OR(O85,F85=1,M85=""),"#"&B85 &" "&G85,B85&IF(G85="",""," # " &G85))) -> jo5c00389 | D85: =IF(F85=1,"",IF(AND(D84="",S84=S85),"",S85-SUM(F$2:F84))) -> 54 | E85: =IF(B85=B84,"1","0") -> 0 | F85: 0 | H85: 15 | I85: 36 | J85: 1 | M85: =IF(OR(O85,D85=""),"","/*"&D85&" " & B85 &" */"""&Q85&""",//"&T85) -> /*54 jo5c00389 */"https://doi.org/10.1021/acs.joc.5c00389.s002",//The Anthranil Core as a π‑Conjugated Bridge in the Synthesis of Molecular Photosensitizers | N85: =VLOOKUP(W85,AA:AB,2,FALSE) -> #N/A | O85: =NOT(ISNA(VLOOKUP(W85,AA:AA,1,FALSE))) -> FALSE | P85: https://acs.figshare.com/articles/dataset/The_Anthranil_Core_as_a_Conjugated_Bridge_in_the_Synthesis_of_Molecular_Photosensitizers/29594321 | Q85: https://doi.org/10.1021/acs.joc.5c00389.s002 | R85: =MID(Q85,LEN(Q85)-2,4) -> 002 | S85: =IF(U85=U84,S84,S84+1) -> 63 | T85: =VLOOKUP(Q85,original!B:C,2,FALSE) -> The Anthranil Core as a π‑Conjugated Bridge in the Synthesis of Molecular Photosensitizers | U85: https://doi.org/10.1021/acs.joc.5c00389 | V85: =SUBSTITUTE(SUBSTITUTE(MID(U85,LEN(U85)-8,100),"c.","jo"),"t.","ol") -> jo5c00389 | W85: =B85&"_si_"&R85&".zip" -> jo5c00389_si_002.zip | X85: =IF(U85<>U84,P85,X84&"\t"&P85) -> https://acs.figshare.com/articles/dataset/The_Anthranil_Core_as_a_Conjugated_Bridge_in_the_Synthesis_of_Molecular_Photosensitizers/29594321 | Y85: =IF(U85<>U86,$Y$1&" --pubDOI "& U85&" --dataDOI """&SUBSTITUTE(U85&X85&"""","https://doi.org/",""),"") -> --localSource c:/temp/acs2/data --targetDir c:/temp/acs2/$DOI$ --noDownload --readOnly --pubDOI https://doi.org/10.1021/acs.joc.5c00389 --dataDOI "10.1021/acs.joc.5c00389https://acs.figshare.com/articles/dataset/The_Anthranil_Core_as_a_Conjugated_Bridge_in_the_Synthesis_of_Molecular_Photosensitizers/29594321" | Z85: ="<br><a href="""&Q85&""">"&Q85&"</a>" -> <br><a href="https://doi.org/10.1021/acs.joc.5c00389.s002">https://doi.org/10.1021/acs.joc.5c00389.s002</a> | AA85: =IF(AB85="","",MID(AB85,1,LEN(AB85)-4)&".zip")
A86: 85 | B86: =V86 -> jo5c00410 | C86: =IF(Y86="","",IF(OR(O86,F86=1,M86=""),"#"&B86 &" "&G86,B86&IF(G86="",""," # " &G86))) -> #jo5c00410 | D86: =IF(F86=1,"",IF(AND(D85="",S85=S86),"",S86-SUM(F$2:F85))) | E86: =IF(B86=B85,"1","0") -> 0 | F86: 1 | M86: =IF(OR(O86,D86=""),"","/*"&D86&" " & B86 &" */"""&Q86&""",//"&T86) | N86: =VLOOKUP(W86,AA:AB,2,FALSE) -> jo5c00410_si_002.xyz | O86: =NOT(ISNA(VLOOKUP(W86,AA:AA,1,FALSE))) -> TRUE | P86: https://acs.figshare.com/articles/dataset/Factors_Influencing_the_Product_Selectivity_of_Rh_sub_2_sub_OAc_sub_4_sub_Catalyzed_Reactions_of_Diazoketones_with_Aziridines/28945120 | Q86: https://doi.org/10.1021/acs.joc.5c00410.s002 | R86: =MID(Q86,LEN(Q86)-2,4) -> 002 | S86: =IF(U86=U85,S85,S85+1) -> 64 | T86: =VLOOKUP(Q86,original!B:C,2,FALSE) -> Factors Influencing the Product Selectivity of Rh2(OAc)4‑Catalyzed Reactions of Diazoketones with Aziridines | U86: https://doi.org/10.1021/acs.joc.5c00410 | V86: =SUBSTITUTE(SUBSTITUTE(MID(U86,LEN(U86)-8,100),"c.","jo"),"t.","ol") -> jo5c00410 | W86: =B86&"_si_"&R86&".zip" -> jo5c00410_si_002.zip | X86: =IF(U86<>U85,P86,X85&"\t"&P86) -> https://acs.figshare.com/articles/dataset/Factors_Influencing_the_Product_Selectivity_of_Rh_sub_2_sub_OAc_sub_4_sub_Catalyzed_Reactions_of_Diazoketones_with_Aziridines/28945120 | Y86: =IF(U86<>U87,$Y$1&" --pubDOI "& U86&" --dataDOI """&SUBSTITUTE(U86&X86&"""","https://doi.org/",""),"") -> --localSource c:/temp/acs2/data --targetDir c:/temp/acs2/$DOI$ --noDownload --readOnly --pubDOI https://doi.org/10.1021/acs.joc.5c00410 --dataDOI "10.1021/acs.joc.5c00410https://acs.figshare.com/articles/dataset/Factors_Influencing_the_Product_Selectivity_of_Rh_sub_2_sub_OAc_sub_4_sub_Catalyzed_Reactions_of_Diazoketones_with_Aziridines/28945120" | Z86: ="<br><a href="""&Q86&""">"&Q86&"</a>" -> <br><a href="https://doi.org/10.1021/acs.joc.5c00410.s002">https://doi.org/10.1021/acs.joc.5c00410.s002</a> | AA86: =IF(AB86="","",MID(AB86,1,LEN(AB86)-4)&".zip")
A87: 86 | B87: =V87 -> jo5c00424 | C87: =IF(Y87="","",IF(OR(O87,F87=1,M87=""),"#"&B87 &" "&G87,B87&IF(G87="",""," # " &G87))) -> jo5c00424 | D87: =IF(F87=1,"",IF(AND(D86="",S86=S87),"",S87-SUM(F$2:F86))) -> 55 | E87: =IF(B87=B86,"1","0") -> 0 | F87: 0 | H87: 33 | I87: 99 | M87: =IF(OR(O87,D87=""),"","/*"&D87&" " & B87 &" */"""&Q87&""",//"&T87) -> /*55 jo5c00424 */"https://doi.org/10.1021/acs.joc.5c00424.s002",//Visible-Light-Driven Tandem Cyclization of <i>o</i>‑Hydroxyaryl Enaminones: Access to 3‑(α-Arylsulfonamido)trifluoroethyl Chromones | N87: =VLOOKUP(W87,AA:AB,2,FALSE) -> #N/A | O87: =NOT(ISNA(VLOOKUP(W87,AA:AA,1,FALSE))) -> FALSE | P87: https://acs.figshare.com/articles/dataset/Visible-Light-Driven_Tandem_Cyclization_of_i_o_i_Hydroxyaryl_Enaminones_Access_to_3_-Arylsulfonamido_trifluoroethyl_Chromones/28840824 | Q87: https://doi.org/10.1021/acs.joc.5c00424.s002 | R87: =MID(Q87,LEN(Q87)-2,4) -> 002 | S87: =IF(U87=U86,S86,S86+1) -> 65 | T87: =VLOOKUP(Q87,original!B:C,2,FALSE) -> Visible-Light-Driven Tandem Cyclization of <i>o</i>‑Hydroxyaryl Enaminones: Access to 3‑(α-Arylsulfonamido)trifluoroethyl Chromones | U87: https://doi.org/10.1021/acs.joc.5c00424 | V87: =SUBSTITUTE(SUBSTITUTE(MID(U87,LEN(U87)-8,100),"c.","jo"),"t.","ol") -> jo5c00424 | W87: =B87&"_si_"&R87&".zip" -> jo5c00424_si_002.zip | X87: =IF(U87<>U86,P87,X86&"\t"&P87) -> https://acs.figshare.com/articles/dataset/Visible-Light-Driven_Tandem_Cyclization_of_i_o_i_Hydroxyaryl_Enaminones_Access_to_3_-Arylsulfonamido_trifluoroethyl_Chromones/28840824 | Y87: =IF(U87<>U88,$Y$1&" --pubDOI "& U87&" --dataDOI """&SUBSTITUTE(U87&X87&"""","https://doi.org/",""),"") -> --localSource c:/temp/acs2/data --targetDir c:/temp/acs2/$DOI$ --noDownload --readOnly --pubDOI https://doi.org/10.1021/acs.joc.5c00424 --dataDOI "10.1021/acs.joc.5c00424https://acs.figshare.com/articles/dataset/Visible-Light-Driven_Tandem_Cyclization_of_i_o_i_Hydroxyaryl_Enaminones_Access_to_3_-Arylsulfonamido_trifluoroethyl_Chromones/28840824" | Z87: ="<br><a href="""&Q87&""">"&Q87&"</a>" -> <br><a href="https://doi.org/10.1021/acs.joc.5c00424.s002">https://doi.org/10.1021/acs.joc.5c00424.s002</a> | AA87: =IF(AB87="","",MID(AB87,1,LEN(AB87)-4)&".zip")
A88: 87 | B88: =V88 -> jo5c00472 | C88: =IF(Y88="","",IF(OR(O88,F88=1,M88=""),"#"&B88 &" "&G88,B88&IF(G88="",""," # " &G88))) -> jo5c00472 | D88: =IF(F88=1,"",IF(AND(D87="",S87=S88),"",S88-SUM(F$2:F87))) -> 56 | E88: =IF(B88=B87,"1","0") -> 0 | F88: 0 | H88: 108 | I88: 117 | M88: =IF(OR(O88,D88=""),"","/*"&D88&" " & B88 &" */"""&Q88&""",//"&T88) -> /*56 jo5c00472 */"https://doi.org/10.1021/acs.joc.5c00472.s002",//FeCl3/TBHP-Mediated Oxidation of Indoles: Divergent Product Selectivity under Mechanochemical and Solution-Based Conditions | N88: =VLOOKUP(W88,AA:AB,2,FALSE) -> #N/A | O88: =NOT(ISNA(VLOOKUP(W88,AA:AA,1,FALSE))) -> FALSE | P88: https://acs.figshare.com/articles/dataset/FeCl_sub_3_sub_TBHP-Mediated_Oxidation_of_Indoles_Divergent_Product_Selectivity_under_Mechanochemical_and_Solution-Based_Conditions/29572154 | Q88: https://doi.org/10.1021/acs.joc.5c00472.s002 | R88: =MID(Q88,LEN(Q88)-2,4) -> 002 | S88: =IF(U88=U87,S87,S87+1) -> 66 | T88: =VLOOKUP(Q88,original!B:C,2,FALSE) -> FeCl3/TBHP-Mediated Oxidation of Indoles: Divergent Product Selectivity under Mechanochemical and Solution-Based Conditions | U88: https://doi.org/10.1021/acs.joc.5c00472 | V88: =SUBSTITUTE(SUBSTITUTE(MID(U88,LEN(U88)-8,100),"c.","jo"),"t.","ol") -> jo5c00472 | W88: =B88&"_si_"&R88&".zip" -> jo5c00472_si_002.zip | X88: =IF(U88<>U87,P88,X87&"\t"&P88) -> https://acs.figshare.com/articles/dataset/FeCl_sub_3_sub_TBHP-Mediated_Oxidation_of_Indoles_Divergent_Product_Selectivity_under_Mechanochemical_and_Solution-Based_Conditions/29572154 | Y88: =IF(U88<>U89,$Y$1&" --pubDOI "& U88&" --dataDOI """&SUBSTITUTE(U88&X88&"""","https://doi.org/",""),"") -> --localSource c:/temp/acs2/data --targetDir c:/temp/acs2/$DOI$ --noDownload --readOnly --pubDOI https://doi.org/10.1021/acs.joc.5c00472 --dataDOI "10.1021/acs.joc.5c00472https://acs.figshare.com/articles/dataset/FeCl_sub_3_sub_TBHP-Mediated_Oxidation_of_Indoles_Divergent_Product_Selectivity_under_Mechanochemical_and_Solution-Based_Conditions/29572154" | Z88: ="<br><a href="""&Q88&""">"&Q88&"</a>" -> <br><a href="https://doi.org/10.1021/acs.joc.5c00472.s002">https://doi.org/10.1021/acs.joc.5c00472.s002</a> | AA88: =IF(AB88="","",MID(AB88,1,LEN(AB88)-4)&".zip")
A89: 88 | B89: =V89 -> jo5c00474 | C89: =IF(Y89="","",IF(OR(O89,F89=1,M89=""),"#"&B89 &" "&G89,B89&IF(G89="",""," # " &G89))) -> jo5c00474 | D89: =IF(F89=1,"",IF(AND(D88="",S88=S89),"",S89-SUM(F$2:F88))) -> 57 | E89: =IF(B89=B88,"1","0") -> 0 | F89: 0 | H89: 10 | I89: 20 | M89: =IF(OR(O89,D89=""),"","/*"&D89&" " & B89 &" */"""&Q89&""",//"&T89) -> /*57 jo5c00474 */"https://doi.org/10.1021/acs.joc.5c00474.s002",//One-Pot High-Yield Synthesis of a Tripodal Triamine Building Block in an Ammonia Ethanolic Solution | N89: =VLOOKUP(W89,AA:AB,2,FALSE) -> #N/A | O89: =NOT(ISNA(VLOOKUP(W89,AA:AA,1,FALSE))) -> FALSE | P89: https://acs.figshare.com/articles/dataset/One-Pot_High-Yield_Synthesis_of_a_Tripodal_Triamine_Building_Block_in_an_Ammonia_Ethanolic_Solution/29442593 | Q89: https://doi.org/10.1021/acs.joc.5c00474.s002 | R89: =MID(Q89,LEN(Q89)-2,4) -> 002 | S89: =IF(U89=U88,S88,S88+1) -> 67 | T89: =VLOOKUP(Q89,original!B:C,2,FALSE) -> One-Pot High-Yield Synthesis of a Tripodal Triamine Building Block in an Ammonia Ethanolic Solution | U89: https://doi.org/10.1021/acs.joc.5c00474 | V89: =SUBSTITUTE(SUBSTITUTE(MID(U89,LEN(U89)-8,100),"c.","jo"),"t.","ol") -> jo5c00474 | W89: =B89&"_si_"&R89&".zip" -> jo5c00474_si_002.zip | X89: =IF(U89<>U88,P89,X88&"\t"&P89) -> https://acs.figshare.com/articles/dataset/One-Pot_High-Yield_Synthesis_of_a_Tripodal_Triamine_Building_Block_in_an_Ammonia_Ethanolic_Solution/29442593 | Y89: =IF(U89<>U90,$Y$1&" --pubDOI "& U89&" --dataDOI """&SUBSTITUTE(U89&X89&"""","https://doi.org/",""),"") -> --localSource c:/temp/acs2/data --targetDir c:/temp/acs2/$DOI$ --noDownload --readOnly --pubDOI https://doi.org/10.1021/acs.joc.5c00474 --dataDOI "10.1021/acs.joc.5c00474https://acs.figshare.com/articles/dataset/One-Pot_High-Yield_Synthesis_of_a_Tripodal_Triamine_Building_Block_in_an_Ammonia_Ethanolic_Solution/29442593" | Z89: ="<br><a href="""&Q89&""">"&Q89&"</a>" -> <br><a href="https://doi.org/10.1021/acs.joc.5c00474.s002">https://doi.org/10.1021/acs.joc.5c00474.s002</a> | AA89: =IF(AB89="","",MID(AB89,1,LEN(AB89)-4)&".zip")
A90: 89 | B90: =V90 -> jo5c00508 | C90: =IF(Y90="","",IF(OR(O90,F90=1,M90=""),"#"&B90 &" "&G90,B90&IF(G90="",""," # " &G90))) -> jo5c00508 | D90: =IF(F90=1,"",IF(AND(D89="",S89=S90),"",S90-SUM(F$2:F89))) -> 58 | E90: =IF(B90=B89,"1","0") -> 0 | F90: 0 | H90: 13 | I90: 65 | J90: 13 | M90: =IF(OR(O90,D90=""),"","/*"&D90&" " & B90 &" */"""&Q90&""",//"&T90) -> /*58 jo5c00508 */"https://doi.org/10.1021/acs.joc.5c00508.s001",//Asymmetric and Symmetric S-zig-zag-Fused BODIPYs: Synthesis and Photophysical and Oxidative Properties | N90: =VLOOKUP(W90,AA:AB,2,FALSE) -> #N/A | O90: =NOT(ISNA(VLOOKUP(W90,AA:AA,1,FALSE))) -> FALSE | P90: https://acs.figshare.com/articles/dataset/Asymmetric_and_Symmetric_S-_i_zig-zag_i_-Fused_BODIPYs_Synthesis_and_Photophysical_and_Oxidative_Properties/28826770 | Q90: https://doi.org/10.1021/acs.joc.5c00508.s001 | R90: =MID(Q90,LEN(Q90)-2,4) -> 001 | S90: =IF(U90=U89,S89,S89+1) -> 68 | T90: =VLOOKUP(Q90,original!B:C,2,FALSE) -> Asymmetric and Symmetric S-zig-zag-Fused BODIPYs: Synthesis and Photophysical and Oxidative Properties | U90: https://doi.org/10.1021/acs.joc.5c00508 | V90: =SUBSTITUTE(SUBSTITUTE(MID(U90,LEN(U90)-8,100),"c.","jo"),"t.","ol") -> jo5c00508 | W90: =B90&"_si_"&R90&".zip" -> jo5c00508_si_001.zip | X90: =IF(U90<>U89,P90,X89&"\t"&P90) -> https://acs.figshare.com/articles/dataset/Asymmetric_and_Symmetric_S-_i_zig-zag_i_-Fused_BODIPYs_Synthesis_and_Photophysical_and_Oxidative_Properties/28826770 | Y90: =IF(U90<>U91,$Y$1&" --pubDOI "& U90&" --dataDOI """&SUBSTITUTE(U90&X90&"""","https://doi.org/",""),"") -> --localSource c:/temp/acs2/data --targetDir c:/temp/acs2/$DOI$ --noDownload --readOnly --pubDOI https://doi.org/10.1021/acs.joc.5c00508 --dataDOI "10.1021/acs.joc.5c00508https://acs.figshare.com/articles/dataset/Asymmetric_and_Symmetric_S-_i_zig-zag_i_-Fused_BODIPYs_Synthesis_and_Photophysical_and_Oxidative_Properties/28826770" | Z90: ="<br><a href="""&Q90&""">"&Q90&"</a>" -> <br><a href="https://doi.org/10.1021/acs.joc.5c00508.s001">https://doi.org/10.1021/acs.joc.5c00508.s001</a> | AA90: =IF(AB90="","",MID(AB90,1,LEN(AB90)-4)&".zip")
A91: 90 | B91: =V91 -> jo5c00513 | C91: =IF(Y91="","",IF(OR(O91,F91=1,M91=""),"#"&B91 &" "&G91,B91&IF(G91="",""," # " &G91))) -> jo5c00513 | D91: =IF(F91=1,"",IF(AND(D90="",S90=S91),"",S91-SUM(F$2:F90))) -> 59 | E91: =IF(B91=B90,"1","0") -> 0 | F91: 0 | H91: 47 | I91: 95 | M91: =IF(OR(O91,D91=""),"","/*"&D91&" " & B91 &" */"""&Q91&""",//"&T91) -> /*59 jo5c00513 */"https://doi.org/10.1021/acs.joc.5c00513.s002",//Blue-Light-Irradiated Copper-Catalyzed Regio-tunable Double C–H/C–H Cross-Coupling Reaction: A Sustainable Approach to Construct C2‑Indolyl-1,4-naphthoquinones | N91: =VLOOKUP(W91,AA:AB,2,FALSE) -> #N/A | O91: =NOT(ISNA(VLOOKUP(W91,AA:AA,1,FALSE))) -> FALSE | P91: https://acs.figshare.com/articles/dataset/Blue-Light-Irradiated_Copper-Catalyzed_Regio-tunable_Double_C_H_C_H_Cross-Coupling_Reaction_A_Sustainable_Approach_to_Construct_i_C_i_sub_2_sub_Indolyl-1_4-naphthoquinones/29390968 | Q91: https://doi.org/10.1021/acs.joc.5c00513.s002 | R91: =MID(Q91,LEN(Q91)-2,4) -> 002 | S91: =IF(U91=U90,S90,S90+1) -> 69 | T91: =VLOOKUP(Q91,original!B:C,2,FALSE) -> Blue-Light-Irradiated Copper-Catalyzed Regio-tunable Double C–H/C–H Cross-Coupling Reaction: A Sustainable Approach to Construct C2‑Indolyl-1,4-naphthoquinones | U91: https://doi.org/10.1021/acs.joc.5c00513 | V91: =SUBSTITUTE(SUBSTITUTE(MID(U91,LEN(U91)-8,100),"c.","jo"),"t.","ol") -> jo5c00513 | W91: =B91&"_si_"&R91&".zip" -> jo5c00513_si_002.zip | X91: =IF(U91<>U90,P91,X90&"\t"&P91) -> https://acs.figshare.com/articles/dataset/Blue-Light-Irradiated_Copper-Catalyzed_Regio-tunable_Double_C_H_C_H_Cross-Coupling_Reaction_A_Sustainable_Approach_to_Construct_i_C_i_sub_2_sub_Indolyl-1_4-naphthoquinones/29390968 | Y91: =IF(U91<>U92,$Y$1&" --pubDOI "& U91&" --dataDOI """&SUBSTITUTE(U91&X91&"""","https://doi.org/",""),"") -> --localSource c:/temp/acs2/data --targetDir c:/temp/acs2/$DOI$ --noDownload --readOnly --pubDOI https://doi.org/10.1021/acs.joc.5c00513 --dataDOI "10.1021/acs.joc.5c00513https://acs.figshare.com/articles/dataset/Blue-Light-Irradiated_Copper-Catalyzed_Regio-tunable_Double_C_H_C_H_Cross-Coupling_Reaction_A_Sustainable_Approach_to_Construct_i_C_i_sub_2_sub_Indolyl-1_4-naphthoquinones/29390968" | Z91: ="<br><a href="""&Q91&""">"&Q91&"</a>" -> <br><a href="https://doi.org/10.1021/acs.joc.5c00513.s002">https://doi.org/10.1021/acs.joc.5c00513.s002</a> | AA91: =IF(AB91="","",MID(AB91,1,LEN(AB91)-4)&".zip")
A92: 91 | B92: =V92 -> jo5c00521 | C92: =IF(Y92="","",IF(OR(O92,F92=1,M92=""),"#"&B92 &" "&G92,B92&IF(G92="",""," # " &G92))) -> jo5c00521 | D92: =IF(F92=1,"",IF(AND(D91="",S91=S92),"",S92-SUM(F$2:F91))) -> 60 | E92: =IF(B92=B91,"1","0") -> 0 | F92: 0 | H92: 10 | I92: 10 | M92: =IF(OR(O92,D92=""),"","/*"&D92&" " & B92 &" */"""&Q92&""",//"&T92) -> /*60 jo5c00521 */"https://doi.org/10.1021/acs.joc.5c00521.s001",//Synthesis of Octatrimethylsilyl-[8]cycloparaphenylene for Multifunctionalized Cycloparaphenylene | N92: =VLOOKUP(W92,AA:AB,2,FALSE) -> #N/A | O92: =NOT(ISNA(VLOOKUP(W92,AA:AA,1,FALSE))) -> FALSE | P92: https://acs.figshare.com/articles/dataset/Synthesis_of_Octatrimethylsilyl-_8_cycloparaphenylene_for_Multifunctionalized_Cycloparaphenylene/29175258 | Q92: https://doi.org/10.1021/acs.joc.5c00521.s001 | R92: =MID(Q92,LEN(Q92)-2,4) -> 001 | S92: =IF(U92=U91,S91,S91+1) -> 70 | T92: =VLOOKUP(Q92,original!B:C,2,FALSE) -> Synthesis of Octatrimethylsilyl-[8]cycloparaphenylene for Multifunctionalized Cycloparaphenylene | U92: https://doi.org/10.1021/acs.joc.5c00521 | V92: =SUBSTITUTE(SUBSTITUTE(MID(U92,LEN(U92)-8,100),"c.","jo"),"t.","ol") -> jo5c00521 | W92: =B92&"_si_"&R92&".zip" -> jo5c00521_si_001.zip | X92: =IF(U92<>U91,P92,X91&"\t"&P92) -> https://acs.figshare.com/articles/dataset/Synthesis_of_Octatrimethylsilyl-_8_cycloparaphenylene_for_Multifunctionalized_Cycloparaphenylene/29175258 | Y92: =IF(U92<>U93,$Y$1&" --pubDOI "& U92&" --dataDOI """&SUBSTITUTE(U92&X92&"""","https://doi.org/",""),"") -> --localSource c:/temp/acs2/data --targetDir c:/temp/acs2/$DOI$ --noDownload --readOnly --pubDOI https://doi.org/10.1021/acs.joc.5c00521 --dataDOI "10.1021/acs.joc.5c00521https://acs.figshare.com/articles/dataset/Synthesis_of_Octatrimethylsilyl-_8_cycloparaphenylene_for_Multifunctionalized_Cycloparaphenylene/29175258" | Z92: ="<br><a href="""&Q92&""">"&Q92&"</a>" -> <br><a href="https://doi.org/10.1021/acs.joc.5c00521.s001">https://doi.org/10.1021/acs.joc.5c00521.s001</a> | AA92: =IF(AB92="","",MID(AB92,1,LEN(AB92)-4)&".zip")
